2020-05-25 01:54:24.405,FirebaseVision - getInstance() - getOnDeviceImageLabeler()
2020-05-25 01:54:24.765,FirebaseVisionImageLabeler - processImage()
2020-05-25 01:54:24.899,Begin successful result processing
2020-05-25 01:54:24.899,Detected image label: Dog 	 with confidence: 0.9815015
2020-05-25 01:54:24.900,Detected image label: Pet 	 with confidence: 0.92739886
2020-05-25 01:54:24.900,End successful result processing
2020-05-25 01:54:24.989,FirebaseVisionImageLabeler - processImage()
2020-05-25 01:54:25.034,Begin successful result processing
2020-05-25 01:54:25.034,Detected image label: Dog 	 with confidence: 0.9815015
2020-05-25 01:54:25.035,Detected image label: Pet 	 with confidence: 0.92739886
2020-05-25 01:54:25.035,End successful result processing
2020-05-25 01:54:25.125,FirebaseVisionImageLabeler - processImage()
2020-05-25 01:54:25.166,Begin successful result processing
2020-05-25 01:54:25.167,Detected image label: Dog 	 with confidence: 0.9815015
2020-05-25 01:54:25.167,Detected image label: Pet 	 with confidence: 0.92739886
2020-05-25 01:54:25.167,End successful result processing
2020-05-25 01:54:25.257,FirebaseVisionImageLabeler - processImage()
2020-05-25 01:54:25.298,Begin successful result processing
2020-05-25 01:54:25.299,Detected image label: Dog 	 with confidence: 0.9815015
2020-05-25 01:54:25.299,Detected image label: Pet 	 with confidence: 0.92739886
2020-05-25 01:54:25.299,End successful result processing
2020-05-25 01:54:25.388,FirebaseVisionImageLabeler - processImage()
2020-05-25 01:54:25.429,Begin successful result processing
2020-05-25 01:54:25.430,Detected image label: Dog 	 with confidence: 0.9815015
2020-05-25 01:54:25.430,Detected image label: Pet 	 with confidence: 0.92739886
2020-05-25 01:54:25.430,End successful result processing
2020-05-25 01:54:25.517,FirebaseVisionImageLabeler - processImage()
2020-05-25 01:54:25.558,Begin successful result processing
2020-05-25 01:54:25.559,Detected image label: Dog 	 with confidence: 0.9815015
2020-05-25 01:54:25.559,Detected image label: Pet 	 with confidence: 0.92739886
2020-05-25 01:54:25.560,End successful result processing
2020-05-25 01:54:25.647,FirebaseVisionImageLabeler - processImage()
2020-05-25 01:54:25.691,Begin successful result processing
2020-05-25 01:54:25.691,Detected image label: Dog 	 with confidence: 0.9815015
2020-05-25 01:54:25.692,Detected image label: Pet 	 with confidence: 0.92739886
2020-05-25 01:54:25.692,End successful result processing
2020-05-25 01:54:25.780,FirebaseVisionImageLabeler - processImage()
2020-05-25 01:54:25.821,Begin successful result processing
2020-05-25 01:54:25.822,Detected image label: Dog 	 with confidence: 0.9815015
2020-05-25 01:54:25.822,Detected image label: Pet 	 with confidence: 0.92739886
2020-05-25 01:54:25.822,End successful result processing
2020-05-25 01:54:25.927,FirebaseVisionImageLabeler - processImage()
2020-05-25 01:54:25.970,Begin successful result processing
2020-05-25 01:54:25.970,Detected image label: Dog 	 with confidence: 0.9815015
2020-05-25 01:54:25.971,Detected image label: Pet 	 with confidence: 0.92739886
2020-05-25 01:54:25.971,End successful result processing
2020-05-25 01:54:26.059,FirebaseVisionImageLabeler - processImage()
2020-05-25 01:54:26.105,Begin successful result processing
2020-05-25 01:54:26.105,Detected image label: Dog 	 with confidence: 0.9815015
2020-05-25 01:54:26.106,Detected image label: Pet 	 with confidence: 0.92739886
2020-05-25 01:54:26.106,End successful result processing
2020-05-25 01:54:26.199,FirebaseVisionImageLabeler - processImage()
2020-05-25 01:54:26.240,Begin successful result processing
2020-05-25 01:54:26.240,Detected image label: Dog 	 with confidence: 0.9815015
2020-05-25 01:54:26.241,Detected image label: Pet 	 with confidence: 0.92739886
2020-05-25 01:54:26.241,End successful result processing
2020-05-25 01:54:26.328,FirebaseVisionImageLabeler - processImage()
2020-05-25 01:54:26.369,Begin successful result processing
2020-05-25 01:54:26.369,Detected image label: Dog 	 with confidence: 0.9815015
2020-05-25 01:54:26.370,Detected image label: Pet 	 with confidence: 0.92739886
2020-05-25 01:54:26.370,End successful result processing
2020-05-25 01:54:26.457,FirebaseVisionImageLabeler - processImage()
2020-05-25 01:54:26.500,Begin successful result processing
2020-05-25 01:54:26.500,Detected image label: Dog 	 with confidence: 0.9815015
2020-05-25 01:54:26.500,Detected image label: Pet 	 with confidence: 0.92739886
2020-05-25 01:54:26.501,End successful result processing
2020-05-25 01:54:26.593,FirebaseVisionImageLabeler - processImage()
2020-05-25 01:54:26.635,Begin successful result processing
2020-05-25 01:54:26.635,Detected image label: Dog 	 with confidence: 0.9815015
2020-05-25 01:54:26.635,Detected image label: Pet 	 with confidence: 0.92739886
2020-05-25 01:54:26.635,End successful result processing
2020-05-25 01:54:26.722,FirebaseVisionImageLabeler - processImage()
2020-05-25 01:54:26.764,Begin successful result processing
2020-05-25 01:54:26.764,Detected image label: Dog 	 with confidence: 0.9815015
2020-05-25 01:54:26.764,Detected image label: Pet 	 with confidence: 0.92739886
2020-05-25 01:54:26.765,End successful result processing
2020-05-25 01:54:26.857,FirebaseVisionImageLabeler - processImage()
2020-05-25 01:54:26.900,Begin successful result processing
2020-05-25 01:54:26.900,Detected image label: Dog 	 with confidence: 0.9815015
2020-05-25 01:54:26.900,Detected image label: Pet 	 with confidence: 0.92739886
2020-05-25 01:54:26.900,End successful result processing
2020-05-25 01:54:26.990,FirebaseVisionImageLabeler - processImage()
2020-05-25 01:54:27.031,Begin successful result processing
2020-05-25 01:54:27.031,Detected image label: Dog 	 with confidence: 0.9815015
2020-05-25 01:54:27.031,Detected image label: Pet 	 with confidence: 0.92739886
2020-05-25 01:54:27.032,End successful result processing
2020-05-25 01:54:27.133,FirebaseVisionImageLabeler - processImage()
2020-05-25 01:54:27.176,Begin successful result processing
2020-05-25 01:54:27.176,Detected image label: Dog 	 with confidence: 0.9815015
2020-05-25 01:54:27.176,Detected image label: Pet 	 with confidence: 0.92739886
2020-05-25 01:54:27.177,End successful result processing
2020-05-25 01:54:27.302,FirebaseVisionImageLabeler - processImage()
2020-05-25 01:54:27.348,Begin successful result processing
2020-05-25 01:54:27.348,Detected image label: Dog 	 with confidence: 0.9815015
2020-05-25 01:54:27.349,Detected image label: Pet 	 with confidence: 0.92739886
2020-05-25 01:54:27.349,End successful result processing
2020-05-25 01:54:27.437,FirebaseVisionImageLabeler - processImage()
2020-05-25 01:54:27.481,Begin successful result processing
2020-05-25 01:54:27.482,Detected image label: Dog 	 with confidence: 0.9815015
2020-05-25 01:54:27.482,Detected image label: Pet 	 with confidence: 0.92739886
2020-05-25 01:54:27.482,End successful result processing
2020-05-25 01:54:27.575,FirebaseVisionImageLabeler - processImage()
2020-05-25 01:54:27.617,Begin successful result processing
2020-05-25 01:54:27.617,Detected image label: Dog 	 with confidence: 0.9815015
2020-05-25 01:54:27.617,Detected image label: Pet 	 with confidence: 0.92739886
2020-05-25 01:54:27.618,End successful result processing
2020-05-25 01:54:27.709,FirebaseVisionImageLabeler - processImage()
2020-05-25 01:54:27.751,Begin successful result processing
2020-05-25 01:54:27.751,Detected image label: Dog 	 with confidence: 0.9815015
2020-05-25 01:54:27.751,Detected image label: Pet 	 with confidence: 0.92739886
2020-05-25 01:54:27.751,End successful result processing
2020-05-25 01:54:27.906,FirebaseVisionImageLabeler - processImage()
2020-05-25 01:54:27.953,Begin successful result processing
2020-05-25 01:54:27.953,Detected image label: Dog 	 with confidence: 0.9815015
2020-05-25 01:54:27.953,Detected image label: Pet 	 with confidence: 0.92739886
2020-05-25 01:54:27.953,End successful result processing
2020-05-25 01:54:28.093,FirebaseVisionImageLabeler - processImage()
2020-05-25 01:54:28.146,Begin successful result processing
2020-05-25 01:54:28.147,Detected image label: Dog 	 with confidence: 0.9815015
2020-05-25 01:54:28.147,Detected image label: Pet 	 with confidence: 0.92739886
2020-05-25 01:54:28.147,End successful result processing
2020-05-25 01:54:28.260,FirebaseVisionImageLabeler - processImage()
2020-05-25 01:54:28.301,Begin successful result processing
2020-05-25 01:54:28.301,Detected image label: Dog 	 with confidence: 0.9815015
2020-05-25 01:54:28.302,Detected image label: Pet 	 with confidence: 0.92739886
2020-05-25 01:54:28.302,End successful result processing
2020-05-25 01:54:28.459,FirebaseVisionImageLabeler - processImage()
2020-05-25 01:54:28.509,Begin successful result processing
2020-05-25 01:54:28.509,Detected image label: Dog 	 with confidence: 0.9815015
2020-05-25 01:54:28.509,Detected image label: Pet 	 with confidence: 0.92739886
2020-05-25 01:54:28.509,End successful result processing
2020-05-25 01:54:28.602,FirebaseVisionImageLabeler - processImage()
2020-05-25 01:54:28.643,Begin successful result processing
2020-05-25 01:54:28.644,Detected image label: Dog 	 with confidence: 0.9815015
2020-05-25 01:54:28.644,Detected image label: Pet 	 with confidence: 0.92739886
2020-05-25 01:54:28.644,End successful result processing
2020-05-25 01:54:28.734,FirebaseVisionImageLabeler - processImage()
2020-05-25 01:54:28.778,Begin successful result processing
2020-05-25 01:54:28.778,Detected image label: Dog 	 with confidence: 0.9815015
2020-05-25 01:54:28.778,Detected image label: Pet 	 with confidence: 0.92739886
2020-05-25 01:54:28.778,End successful result processing
2020-05-25 01:54:28.884,FirebaseVisionImageLabeler - processImage()
2020-05-25 01:54:28.924,Begin successful result processing
2020-05-25 01:54:28.924,Detected image label: Dog 	 with confidence: 0.9815015
2020-05-25 01:54:28.924,Detected image label: Pet 	 with confidence: 0.92739886
2020-05-25 01:54:28.924,End successful result processing
2020-05-25 01:54:29.025,FirebaseVisionImageLabeler - processImage()
2020-05-25 01:54:29.066,Begin successful result processing
2020-05-25 01:54:29.067,Detected image label: Dog 	 with confidence: 0.9674398
2020-05-25 01:54:29.067,Detected image label: Pet 	 with confidence: 0.86597234
2020-05-25 01:54:29.067,Detected image label: Toy 	 with confidence: 0.67284405
2020-05-25 01:54:29.067,End successful result processing
2020-05-25 01:54:29.169,FirebaseVisionImageLabeler - processImage()
2020-05-25 01:54:29.210,Begin successful result processing
2020-05-25 01:54:29.210,Detected image label: Dog 	 with confidence: 0.9674398
2020-05-25 01:54:29.210,Detected image label: Pet 	 with confidence: 0.86597234
2020-05-25 01:54:29.211,Detected image label: Toy 	 with confidence: 0.67284405
2020-05-25 01:54:29.211,End successful result processing
2020-05-25 01:54:29.310,FirebaseVisionImageLabeler - processImage()
2020-05-25 01:54:29.354,Begin successful result processing
2020-05-25 01:54:29.354,Detected image label: Dog 	 with confidence: 0.9674398
2020-05-25 01:54:29.354,Detected image label: Pet 	 with confidence: 0.86597234
2020-05-25 01:54:29.354,Detected image label: Toy 	 with confidence: 0.67284405
2020-05-25 01:54:29.355,End successful result processing
2020-05-25 01:54:29.455,FirebaseVisionImageLabeler - processImage()
2020-05-25 01:54:29.500,Begin successful result processing
2020-05-25 01:54:29.500,Detected image label: Dog 	 with confidence: 0.9674398
2020-05-25 01:54:29.500,Detected image label: Pet 	 with confidence: 0.86597234
2020-05-25 01:54:29.500,Detected image label: Toy 	 with confidence: 0.67284405
2020-05-25 01:54:29.500,End successful result processing
2020-05-25 01:54:29.635,FirebaseVisionImageLabeler - processImage()
2020-05-25 01:54:29.677,Begin successful result processing
2020-05-25 01:54:29.677,Detected image label: Dog 	 with confidence: 0.9674398
2020-05-25 01:54:29.677,Detected image label: Pet 	 with confidence: 0.86597234
2020-05-25 01:54:29.677,Detected image label: Toy 	 with confidence: 0.67284405
2020-05-25 01:54:29.678,End successful result processing
2020-05-25 01:54:29.812,FirebaseVisionImageLabeler - processImage()
2020-05-25 01:54:29.856,Begin successful result processing
2020-05-25 01:54:29.856,Detected image label: Dog 	 with confidence: 0.9674398
2020-05-25 01:54:29.857,Detected image label: Pet 	 with confidence: 0.86597234
2020-05-25 01:54:29.857,Detected image label: Toy 	 with confidence: 0.67284405
2020-05-25 01:54:29.857,End successful result processing
2020-05-25 01:54:30.019,FirebaseVisionImageLabeler - processImage()
2020-05-25 01:54:30.079,Begin successful result processing
2020-05-25 01:54:30.080,Detected image label: Dog 	 with confidence: 0.9674398
2020-05-25 01:54:30.080,Detected image label: Pet 	 with confidence: 0.86597234
2020-05-25 01:54:30.081,Detected image label: Toy 	 with confidence: 0.67284405
2020-05-25 01:54:30.081,End successful result processing
2020-05-25 01:54:30.233,FirebaseVisionImageLabeler - processImage()
2020-05-25 01:54:30.284,Begin successful result processing
2020-05-25 01:54:30.284,Detected image label: Dog 	 with confidence: 0.9674398
2020-05-25 01:54:30.284,Detected image label: Pet 	 with confidence: 0.86597234
2020-05-25 01:54:30.284,Detected image label: Toy 	 with confidence: 0.67284405
2020-05-25 01:54:30.285,End successful result processing
2020-05-25 01:54:30.386,FirebaseVisionImageLabeler - processImage()
2020-05-25 01:54:30.435,Begin successful result processing
2020-05-25 01:54:30.436,Detected image label: Dog 	 with confidence: 0.9674398
2020-05-25 01:54:30.436,Detected image label: Pet 	 with confidence: 0.86597234
2020-05-25 01:54:30.436,Detected image label: Toy 	 with confidence: 0.67284405
2020-05-25 01:54:30.436,End successful result processing
2020-05-25 01:54:30.541,FirebaseVisionImageLabeler - processImage()
2020-05-25 01:54:30.581,Begin successful result processing
2020-05-25 01:54:30.581,Detected image label: Dog 	 with confidence: 0.9674398
2020-05-25 01:54:30.582,Detected image label: Pet 	 with confidence: 0.86597234
2020-05-25 01:54:30.582,Detected image label: Toy 	 with confidence: 0.67284405
2020-05-25 01:54:30.582,End successful result processing
2020-05-25 01:54:30.688,FirebaseVisionImageLabeler - processImage()
2020-05-25 01:54:30.731,Begin successful result processing
2020-05-25 01:54:30.731,Detected image label: Dog 	 with confidence: 0.9674398
2020-05-25 01:54:30.731,Detected image label: Pet 	 with confidence: 0.86597234
2020-05-25 01:54:30.731,Detected image label: Toy 	 with confidence: 0.67284405
2020-05-25 01:54:30.731,End successful result processing
2020-05-25 01:54:30.832,FirebaseVisionImageLabeler - processImage()
2020-05-25 01:54:30.880,Begin successful result processing
2020-05-25 01:54:30.880,Detected image label: Dog 	 with confidence: 0.9674398
2020-05-25 01:54:30.881,Detected image label: Pet 	 with confidence: 0.86597234
2020-05-25 01:54:30.881,Detected image label: Toy 	 with confidence: 0.67284405
2020-05-25 01:54:30.881,End successful result processing
2020-05-25 01:54:30.987,FirebaseVisionImageLabeler - processImage()
2020-05-25 01:54:31.029,Begin successful result processing
2020-05-25 01:54:31.029,Detected image label: Dog 	 with confidence: 0.9674398
2020-05-25 01:54:31.029,Detected image label: Pet 	 with confidence: 0.86597234
2020-05-25 01:54:31.029,Detected image label: Toy 	 with confidence: 0.67284405
2020-05-25 01:54:31.030,End successful result processing
2020-05-25 01:54:31.156,FirebaseVisionImageLabeler - processImage()
2020-05-25 01:54:31.196,Begin successful result processing
2020-05-25 01:54:31.196,Detected image label: Dog 	 with confidence: 0.9674398
2020-05-25 01:54:31.196,Detected image label: Pet 	 with confidence: 0.86597234
2020-05-25 01:54:31.196,Detected image label: Toy 	 with confidence: 0.67284405
2020-05-25 01:54:31.196,End successful result processing
2020-05-25 01:54:31.341,FirebaseVisionImageLabeler - processImage()
2020-05-25 01:54:31.383,Begin successful result processing
2020-05-25 01:54:31.383,Detected image label: Dog 	 with confidence: 0.9674398
2020-05-25 01:54:31.384,Detected image label: Pet 	 with confidence: 0.86597234
2020-05-25 01:54:31.384,Detected image label: Toy 	 with confidence: 0.67284405
2020-05-25 01:54:31.384,End successful result processing
2020-05-25 01:54:31.484,FirebaseVisionImageLabeler - processImage()
2020-05-25 01:54:31.525,Begin successful result processing
2020-05-25 01:54:31.526,Detected image label: Dog 	 with confidence: 0.9674398
2020-05-25 01:54:31.526,Detected image label: Pet 	 with confidence: 0.86597234
2020-05-25 01:54:31.526,Detected image label: Toy 	 with confidence: 0.67284405
2020-05-25 01:54:31.526,End successful result processing
2020-05-25 01:54:31.631,FirebaseVisionImageLabeler - processImage()
2020-05-25 01:54:31.674,Begin successful result processing
2020-05-25 01:54:31.674,Detected image label: Dog 	 with confidence: 0.9674398
2020-05-25 01:54:31.674,Detected image label: Pet 	 with confidence: 0.86597234
2020-05-25 01:54:31.674,Detected image label: Toy 	 with confidence: 0.67284405
2020-05-25 01:54:31.674,End successful result processing
2020-05-25 01:54:31.779,FirebaseVisionImageLabeler - processImage()
2020-05-25 01:54:31.821,Begin successful result processing
2020-05-25 01:54:31.822,Detected image label: Dog 	 with confidence: 0.9674398
2020-05-25 01:54:31.822,Detected image label: Pet 	 with confidence: 0.86597234
2020-05-25 01:54:31.822,Detected image label: Toy 	 with confidence: 0.67284405
2020-05-25 01:54:31.822,End successful result processing
2020-05-25 01:54:31.945,FirebaseVisionImageLabeler - processImage()
2020-05-25 01:54:31.988,Begin successful result processing
2020-05-25 01:54:31.988,Detected image label: Dog 	 with confidence: 0.9674398
2020-05-25 01:54:31.988,Detected image label: Pet 	 with confidence: 0.86597234
2020-05-25 01:54:31.988,Detected image label: Toy 	 with confidence: 0.67284405
2020-05-25 01:54:31.988,End successful result processing
2020-05-25 01:54:32.146,FirebaseVisionImageLabeler - processImage()
2020-05-25 01:54:32.195,Begin successful result processing
2020-05-25 01:54:32.195,Detected image label: Dog 	 with confidence: 0.9674398
2020-05-25 01:54:32.196,Detected image label: Pet 	 with confidence: 0.86597234
2020-05-25 01:54:32.196,Detected image label: Toy 	 with confidence: 0.67284405
2020-05-25 01:54:32.196,End successful result processing
2020-05-25 01:54:32.326,FirebaseVisionImageLabeler - processImage()
2020-05-25 01:54:32.374,Begin successful result processing
2020-05-25 01:54:32.375,Detected image label: Dog 	 with confidence: 0.9674398
2020-05-25 01:54:32.375,Detected image label: Pet 	 with confidence: 0.86597234
2020-05-25 01:54:32.375,Detected image label: Toy 	 with confidence: 0.67284405
2020-05-25 01:54:32.375,End successful result processing
2020-05-25 01:54:32.513,FirebaseVisionImageLabeler - processImage()
2020-05-25 01:54:32.559,Begin successful result processing
2020-05-25 01:54:32.559,Detected image label: Dog 	 with confidence: 0.9674398
2020-05-25 01:54:32.560,Detected image label: Pet 	 with confidence: 0.86597234
2020-05-25 01:54:32.560,Detected image label: Toy 	 with confidence: 0.67284405
2020-05-25 01:54:32.560,End successful result processing
2020-05-25 01:54:32.658,FirebaseVisionImageLabeler - processImage()
2020-05-25 01:54:32.699,Begin successful result processing
2020-05-25 01:54:32.699,Detected image label: Dog 	 with confidence: 0.9674398
2020-05-25 01:54:32.699,Detected image label: Pet 	 with confidence: 0.86597234
2020-05-25 01:54:32.699,Detected image label: Toy 	 with confidence: 0.67284405
2020-05-25 01:54:32.699,End successful result processing
2020-05-25 01:54:32.798,FirebaseVisionImageLabeler - processImage()
2020-05-25 01:54:32.844,Begin successful result processing
2020-05-25 01:54:32.844,Detected image label: Dog 	 with confidence: 0.9674398
2020-05-25 01:54:32.844,Detected image label: Pet 	 with confidence: 0.86597234
2020-05-25 01:54:32.844,Detected image label: Toy 	 with confidence: 0.67284405
2020-05-25 01:54:32.844,End successful result processing
2020-05-25 01:54:32.949,FirebaseVisionImageLabeler - processImage()
2020-05-25 01:54:32.991,Begin successful result processing
2020-05-25 01:54:32.991,Detected image label: Dog 	 with confidence: 0.9674398
2020-05-25 01:54:32.991,Detected image label: Pet 	 with confidence: 0.86597234
2020-05-25 01:54:32.992,Detected image label: Toy 	 with confidence: 0.67284405
2020-05-25 01:54:32.992,End successful result processing
2020-05-25 01:54:33.096,FirebaseVisionImageLabeler - processImage()
2020-05-25 01:54:33.140,Begin successful result processing
2020-05-25 01:54:33.140,Detected image label: Dog 	 with confidence: 0.9674398
2020-05-25 01:54:33.140,Detected image label: Pet 	 with confidence: 0.86597234
2020-05-25 01:54:33.141,Detected image label: Toy 	 with confidence: 0.67284405
2020-05-25 01:54:33.141,End successful result processing
2020-05-25 01:54:33.246,FirebaseVisionImageLabeler - processImage()
2020-05-25 01:54:33.288,Begin successful result processing
2020-05-25 01:54:33.288,Detected image label: Dog 	 with confidence: 0.9674398
2020-05-25 01:54:33.288,Detected image label: Pet 	 with confidence: 0.86597234
2020-05-25 01:54:33.288,Detected image label: Toy 	 with confidence: 0.67284405
2020-05-25 01:54:33.288,End successful result processing
2020-05-25 01:54:33.392,FirebaseVisionImageLabeler - processImage()
2020-05-25 01:54:33.436,Begin successful result processing
2020-05-25 01:54:33.436,Detected image label: Dog 	 with confidence: 0.9674398
2020-05-25 01:54:33.436,Detected image label: Pet 	 with confidence: 0.86597234
2020-05-25 01:54:33.436,Detected image label: Toy 	 with confidence: 0.67284405
2020-05-25 01:54:33.436,End successful result processing
2020-05-25 01:54:33.583,FirebaseVisionImageLabeler - processImage()
2020-05-25 01:54:33.626,Begin successful result processing
2020-05-25 01:54:33.627,Detected image label: Dog 	 with confidence: 0.9674398
2020-05-25 01:54:33.627,Detected image label: Pet 	 with confidence: 0.86597234
2020-05-25 01:54:33.627,Detected image label: Toy 	 with confidence: 0.67284405
2020-05-25 01:54:33.627,End successful result processing
2020-05-25 01:54:33.726,FirebaseVisionImageLabeler - processImage()
2020-05-25 01:54:33.768,Begin successful result processing
2020-05-25 01:54:33.768,Detected image label: Dog 	 with confidence: 0.9674398
2020-05-25 01:54:33.768,Detected image label: Pet 	 with confidence: 0.86597234
2020-05-25 01:54:33.768,Detected image label: Toy 	 with confidence: 0.67284405
2020-05-25 01:54:33.768,End successful result processing
2020-05-25 01:54:33.871,FirebaseVisionImageLabeler - processImage()
2020-05-25 01:54:33.918,Begin successful result processing
2020-05-25 01:54:33.918,Detected image label: Dog 	 with confidence: 0.9674398
2020-05-25 01:54:33.919,Detected image label: Pet 	 with confidence: 0.86597234
2020-05-25 01:54:33.919,Detected image label: Toy 	 with confidence: 0.67284405
2020-05-25 01:54:33.919,End successful result processing
2020-05-25 01:54:34.022,FirebaseVisionImageLabeler - processImage()
2020-05-25 01:54:34.064,Begin successful result processing
2020-05-25 01:54:34.064,Detected image label: Dog 	 with confidence: 0.9674398
2020-05-25 01:54:34.064,Detected image label: Pet 	 with confidence: 0.86597234
2020-05-25 01:54:34.064,Detected image label: Toy 	 with confidence: 0.67284405
2020-05-25 01:54:34.064,End successful result processing
2020-05-25 01:54:34.215,FirebaseVisionImageLabeler - processImage()
2020-05-25 01:54:34.260,Begin successful result processing
2020-05-25 01:54:34.260,Detected image label: Dog 	 with confidence: 0.9674398
2020-05-25 01:54:34.260,Detected image label: Pet 	 with confidence: 0.86597234
2020-05-25 01:54:34.260,Detected image label: Toy 	 with confidence: 0.67284405
2020-05-25 01:54:34.260,End successful result processing
2020-05-25 01:54:34.388,FirebaseVisionImageLabeler - processImage()
2020-05-25 01:54:34.430,Begin successful result processing
2020-05-25 01:54:34.430,Detected image label: Dog 	 with confidence: 0.9674398
2020-05-25 01:54:34.430,Detected image label: Pet 	 with confidence: 0.86597234
2020-05-25 01:54:34.430,Detected image label: Toy 	 with confidence: 0.67284405
2020-05-25 01:54:34.430,End successful result processing
2020-05-25 01:54:34.531,FirebaseVisionImageLabeler - processImage()
2020-05-25 01:54:34.573,Begin successful result processing
2020-05-25 01:54:34.574,Detected image label: Dog 	 with confidence: 0.9674398
2020-05-25 01:54:34.574,Detected image label: Pet 	 with confidence: 0.86597234
2020-05-25 01:54:34.574,Detected image label: Toy 	 with confidence: 0.67284405
2020-05-25 01:54:34.574,End successful result processing
2020-05-25 01:54:34.725,FirebaseVisionImageLabeler - processImage()
2020-05-25 01:54:34.765,Begin successful result processing
2020-05-25 01:54:34.765,Detected image label: Dog 	 with confidence: 0.9674398
2020-05-25 01:54:34.765,Detected image label: Pet 	 with confidence: 0.86597234
2020-05-25 01:54:34.765,Detected image label: Toy 	 with confidence: 0.67284405
2020-05-25 01:54:34.765,End successful result processing
2020-05-25 01:54:34.868,FirebaseVisionImageLabeler - processImage()
2020-05-25 01:54:34.911,Begin successful result processing
2020-05-25 01:54:34.911,Detected image label: Dog 	 with confidence: 0.9674398
2020-05-25 01:54:34.911,Detected image label: Pet 	 with confidence: 0.86597234
2020-05-25 01:54:34.911,Detected image label: Toy 	 with confidence: 0.67284405
2020-05-25 01:54:34.911,End successful result processing
2020-05-25 01:54:35.077,FirebaseVisionImageLabeler - processImage()
2020-05-25 01:54:35.132,Begin successful result processing
2020-05-25 01:54:35.132,Detected image label: Dog 	 with confidence: 0.9674398
2020-05-25 01:54:35.133,Detected image label: Pet 	 with confidence: 0.86597234
2020-05-25 01:54:35.133,Detected image label: Toy 	 with confidence: 0.67284405
2020-05-25 01:54:35.133,End successful result processing
2020-05-25 01:54:35.248,FirebaseVisionImageLabeler - processImage()
2020-05-25 01:54:35.288,Begin successful result processing
2020-05-25 01:54:35.288,Detected image label: Dog 	 with confidence: 0.9674398
2020-05-25 01:54:35.288,Detected image label: Pet 	 with confidence: 0.86597234
2020-05-25 01:54:35.288,Detected image label: Toy 	 with confidence: 0.67284405
2020-05-25 01:54:35.288,End successful result processing
2020-05-25 01:54:35.391,FirebaseVisionImageLabeler - processImage()
2020-05-25 01:54:35.433,Begin successful result processing
2020-05-25 01:54:35.433,Detected image label: Dog 	 with confidence: 0.9674398
2020-05-25 01:54:35.433,Detected image label: Pet 	 with confidence: 0.86597234
2020-05-25 01:54:35.433,Detected image label: Toy 	 with confidence: 0.67284405
2020-05-25 01:54:35.434,End successful result processing
2020-05-25 01:54:35.541,FirebaseVisionImageLabeler - processImage()
2020-05-25 01:54:35.583,Begin successful result processing
2020-05-25 01:54:35.584,Detected image label: Dog 	 with confidence: 0.9674398
2020-05-25 01:54:35.584,Detected image label: Pet 	 with confidence: 0.86597234
2020-05-25 01:54:35.584,Detected image label: Toy 	 with confidence: 0.67284405
2020-05-25 01:54:35.584,End successful result processing
2020-05-25 01:54:35.692,FirebaseVisionImageLabeler - processImage()
2020-05-25 01:54:35.741,Begin successful result processing
2020-05-25 01:54:35.741,Detected image label: Dog 	 with confidence: 0.9674398
2020-05-25 01:54:35.741,Detected image label: Pet 	 with confidence: 0.86597234
2020-05-25 01:54:35.741,Detected image label: Toy 	 with confidence: 0.67284405
2020-05-25 01:54:35.741,End successful result processing
2020-05-25 01:54:35.904,FirebaseVisionImageLabeler - processImage()
2020-05-25 01:54:35.946,Begin successful result processing
2020-05-25 01:54:35.946,Detected image label: Dog 	 with confidence: 0.9674398
2020-05-25 01:54:35.946,Detected image label: Pet 	 with confidence: 0.86597234
2020-05-25 01:54:35.946,Detected image label: Toy 	 with confidence: 0.67284405
2020-05-25 01:54:35.946,End successful result processing
2020-05-25 01:54:36.051,FirebaseVisionImageLabeler - processImage()
2020-05-25 01:54:36.093,Begin successful result processing
2020-05-25 01:54:36.093,Detected image label: Dog 	 with confidence: 0.9674398
2020-05-25 01:54:36.093,Detected image label: Pet 	 with confidence: 0.86597234
2020-05-25 01:54:36.093,Detected image label: Toy 	 with confidence: 0.67284405
2020-05-25 01:54:36.093,End successful result processing
2020-05-25 01:54:36.242,FirebaseVisionImageLabeler - processImage()
2020-05-25 01:54:36.286,Begin successful result processing
2020-05-25 01:54:36.286,Detected image label: Dog 	 with confidence: 0.9674398
2020-05-25 01:54:36.286,Detected image label: Pet 	 with confidence: 0.86597234
2020-05-25 01:54:36.286,Detected image label: Toy 	 with confidence: 0.67284405
2020-05-25 01:54:36.286,End successful result processing
2020-05-25 01:54:36.429,FirebaseVisionImageLabeler - processImage()
2020-05-25 01:54:36.470,Begin successful result processing
2020-05-25 01:54:36.471,Detected image label: Dog 	 with confidence: 0.9674398
2020-05-25 01:54:36.471,Detected image label: Pet 	 with confidence: 0.86597234
2020-05-25 01:54:36.471,Detected image label: Toy 	 with confidence: 0.67284405
2020-05-25 01:54:36.471,End successful result processing
2020-05-25 01:54:36.589,FirebaseVisionImageLabeler - processImage()
2020-05-25 01:54:36.631,Begin successful result processing
2020-05-25 01:54:36.631,Detected image label: Dog 	 with confidence: 0.9674398
2020-05-25 01:54:36.631,Detected image label: Pet 	 with confidence: 0.86597234
2020-05-25 01:54:36.631,Detected image label: Toy 	 with confidence: 0.67284405
2020-05-25 01:54:36.631,End successful result processing
2020-05-25 01:54:36.731,FirebaseVisionImageLabeler - processImage()
2020-05-25 01:54:36.775,Begin successful result processing
2020-05-25 01:54:36.775,Detected image label: Dog 	 with confidence: 0.9674398
2020-05-25 01:54:36.775,Detected image label: Pet 	 with confidence: 0.86597234
2020-05-25 01:54:36.775,Detected image label: Toy 	 with confidence: 0.67284405
2020-05-25 01:54:36.776,End successful result processing
2020-05-25 01:54:36.878,FirebaseVisionImageLabeler - processImage()
2020-05-25 01:54:36.920,Begin successful result processing
2020-05-25 01:54:36.921,Detected image label: Dog 	 with confidence: 0.9674398
2020-05-25 01:54:36.921,Detected image label: Pet 	 with confidence: 0.86597234
2020-05-25 01:54:36.921,Detected image label: Toy 	 with confidence: 0.67284405
2020-05-25 01:54:36.921,End successful result processing
2020-05-25 01:54:37.047,FirebaseVisionImageLabeler - processImage()
2020-05-25 01:54:37.088,Begin successful result processing
2020-05-25 01:54:37.088,Detected image label: Dog 	 with confidence: 0.9674398
2020-05-25 01:54:37.088,Detected image label: Pet 	 with confidence: 0.86597234
2020-05-25 01:54:37.088,Detected image label: Toy 	 with confidence: 0.67284405
2020-05-25 01:54:37.088,End successful result processing
2020-05-25 01:54:37.188,FirebaseVisionImageLabeler - processImage()
2020-05-25 01:54:37.228,Begin successful result processing
2020-05-25 01:54:37.229,Detected image label: Dog 	 with confidence: 0.9674398
2020-05-25 01:54:37.229,Detected image label: Pet 	 with confidence: 0.86597234
2020-05-25 01:54:37.229,Detected image label: Toy 	 with confidence: 0.67284405
2020-05-25 01:54:37.229,End successful result processing
2020-05-25 01:54:37.330,FirebaseVisionImageLabeler - processImage()
2020-05-25 01:54:37.371,Begin successful result processing
2020-05-25 01:54:37.371,Detected image label: Dog 	 with confidence: 0.9801566
2020-05-25 01:54:37.371,Detected image label: Pet 	 with confidence: 0.9216542
2020-05-25 01:54:37.371,Detected image label: Toy 	 with confidence: 0.51934373
2020-05-25 01:54:37.372,End successful result processing
2020-05-25 01:54:37.542,FirebaseVisionImageLabeler - processImage()
2020-05-25 01:54:37.585,Begin successful result processing
2020-05-25 01:54:37.585,Detected image label: Dog 	 with confidence: 0.9801566
2020-05-25 01:54:37.585,Detected image label: Pet 	 with confidence: 0.9216542
2020-05-25 01:54:37.585,Detected image label: Toy 	 with confidence: 0.51934373
2020-05-25 01:54:37.585,End successful result processing
2020-05-25 01:54:37.717,FirebaseVisionImageLabeler - processImage()
2020-05-25 01:54:37.758,Begin successful result processing
2020-05-25 01:54:37.759,Detected image label: Dog 	 with confidence: 0.9801566
2020-05-25 01:54:37.759,Detected image label: Pet 	 with confidence: 0.9216542
2020-05-25 01:54:37.759,Detected image label: Toy 	 with confidence: 0.51934373
2020-05-25 01:54:37.759,End successful result processing
2020-05-25 01:54:37.857,FirebaseVisionImageLabeler - processImage()
2020-05-25 01:54:37.900,Begin successful result processing
2020-05-25 01:54:37.900,Detected image label: Dog 	 with confidence: 0.9801566
2020-05-25 01:54:37.900,Detected image label: Pet 	 with confidence: 0.9216542
2020-05-25 01:54:37.900,Detected image label: Toy 	 with confidence: 0.51934373
2020-05-25 01:54:37.900,End successful result processing
2020-05-25 01:54:38.001,FirebaseVisionImageLabeler - processImage()
2020-05-25 01:54:38.042,Begin successful result processing
2020-05-25 01:54:38.042,Detected image label: Dog 	 with confidence: 0.9801566
2020-05-25 01:54:38.042,Detected image label: Pet 	 with confidence: 0.9216542
2020-05-25 01:54:38.042,Detected image label: Toy 	 with confidence: 0.51934373
2020-05-25 01:54:38.042,End successful result processing
2020-05-25 01:54:38.193,FirebaseVisionImageLabeler - processImage()
2020-05-25 01:54:38.234,Begin successful result processing
2020-05-25 01:54:38.234,Detected image label: Dog 	 with confidence: 0.9801566
2020-05-25 01:54:38.234,Detected image label: Pet 	 with confidence: 0.9216542
2020-05-25 01:54:38.234,Detected image label: Toy 	 with confidence: 0.51934373
2020-05-25 01:54:38.234,End successful result processing
2020-05-25 01:54:38.342,FirebaseVisionImageLabeler - processImage()
2020-05-25 01:54:38.402,Begin successful result processing
2020-05-25 01:54:38.403,Detected image label: Dog 	 with confidence: 0.9801566
2020-05-25 01:54:38.403,Detected image label: Pet 	 with confidence: 0.9216542
2020-05-25 01:54:38.403,Detected image label: Toy 	 with confidence: 0.51934373
2020-05-25 01:54:38.403,End successful result processing
2020-05-25 01:54:38.550,FirebaseVisionImageLabeler - processImage()
2020-05-25 01:54:38.595,Begin successful result processing
2020-05-25 01:54:38.595,Detected image label: Dog 	 with confidence: 0.9801566
2020-05-25 01:54:38.595,Detected image label: Pet 	 with confidence: 0.9216542
2020-05-25 01:54:38.595,Detected image label: Toy 	 with confidence: 0.51934373
2020-05-25 01:54:38.595,End successful result processing
2020-05-25 01:54:38.699,FirebaseVisionImageLabeler - processImage()
2020-05-25 01:54:38.740,Begin successful result processing
2020-05-25 01:54:38.740,Detected image label: Dog 	 with confidence: 0.9801566
2020-05-25 01:54:38.740,Detected image label: Pet 	 with confidence: 0.9216542
2020-05-25 01:54:38.740,Detected image label: Toy 	 with confidence: 0.51934373
2020-05-25 01:54:38.740,End successful result processing
2020-05-25 01:54:38.881,FirebaseVisionImageLabeler - processImage()
2020-05-25 01:54:38.922,Begin successful result processing
2020-05-25 01:54:38.922,Detected image label: Dog 	 with confidence: 0.9801566
2020-05-25 01:54:38.922,Detected image label: Pet 	 with confidence: 0.9216542
2020-05-25 01:54:38.922,Detected image label: Toy 	 with confidence: 0.51934373
2020-05-25 01:54:38.922,End successful result processing
2020-05-25 01:54:39.025,FirebaseVisionImageLabeler - processImage()
2020-05-25 01:54:39.066,Begin successful result processing
2020-05-25 01:54:39.066,Detected image label: Dog 	 with confidence: 0.9801566
2020-05-25 01:54:39.066,Detected image label: Pet 	 with confidence: 0.9216542
2020-05-25 01:54:39.066,Detected image label: Toy 	 with confidence: 0.51934373
2020-05-25 01:54:39.066,End successful result processing
2020-05-25 01:54:39.166,FirebaseVisionImageLabeler - processImage()
2020-05-25 01:54:39.207,Begin successful result processing
2020-05-25 01:54:39.207,Detected image label: Dog 	 with confidence: 0.9801566
2020-05-25 01:54:39.207,Detected image label: Pet 	 with confidence: 0.9216542
2020-05-25 01:54:39.207,Detected image label: Toy 	 with confidence: 0.51934373
2020-05-25 01:54:39.207,End successful result processing
2020-05-25 01:54:39.351,FirebaseVisionImageLabeler - processImage()
2020-05-25 01:54:39.392,Begin successful result processing
2020-05-25 01:54:39.392,Detected image label: Dog 	 with confidence: 0.9801566
2020-05-25 01:54:39.392,Detected image label: Pet 	 with confidence: 0.9216542
2020-05-25 01:54:39.392,Detected image label: Toy 	 with confidence: 0.51934373
2020-05-25 01:54:39.392,End successful result processing
2020-05-25 01:54:39.505,FirebaseVisionImageLabeler - processImage()
2020-05-25 01:54:39.550,Begin successful result processing
2020-05-25 01:54:39.550,Detected image label: Dog 	 with confidence: 0.9801566
2020-05-25 01:54:39.550,Detected image label: Pet 	 with confidence: 0.9216542
2020-05-25 01:54:39.550,Detected image label: Toy 	 with confidence: 0.51934373
2020-05-25 01:54:39.551,End successful result processing
2020-05-25 01:54:39.687,FirebaseVisionImageLabeler - processImage()
2020-05-25 01:54:39.728,Begin successful result processing
2020-05-25 01:54:39.728,Detected image label: Dog 	 with confidence: 0.9801566
2020-05-25 01:54:39.728,Detected image label: Pet 	 with confidence: 0.9216542
2020-05-25 01:54:39.728,Detected image label: Toy 	 with confidence: 0.51934373
2020-05-25 01:54:39.728,End successful result processing
2020-05-25 01:54:39.826,FirebaseVisionImageLabeler - processImage()
2020-05-25 01:54:39.867,Begin successful result processing
2020-05-25 01:54:39.867,Detected image label: Dog 	 with confidence: 0.9801566
2020-05-25 01:54:39.867,Detected image label: Pet 	 with confidence: 0.9216542
2020-05-25 01:54:39.867,Detected image label: Toy 	 with confidence: 0.51934373
2020-05-25 01:54:39.867,End successful result processing
2020-05-25 01:54:39.966,FirebaseVisionImageLabeler - processImage()
2020-05-25 01:54:40.005,Begin successful result processing
2020-05-25 01:54:40.005,Detected image label: Dog 	 with confidence: 0.9801566
2020-05-25 01:54:40.005,Detected image label: Pet 	 with confidence: 0.9216542
2020-05-25 01:54:40.005,Detected image label: Toy 	 with confidence: 0.51934373
2020-05-25 01:54:40.005,End successful result processing
2020-05-25 01:54:40.104,FirebaseVisionImageLabeler - processImage()
2020-05-25 01:54:40.151,Begin successful result processing
2020-05-25 01:54:40.151,Detected image label: Dog 	 with confidence: 0.9801566
2020-05-25 01:54:40.151,Detected image label: Pet 	 with confidence: 0.9216542
2020-05-25 01:54:40.151,Detected image label: Toy 	 with confidence: 0.51934373
2020-05-25 01:54:40.151,End successful result processing
2020-05-25 01:54:40.255,FirebaseVisionImageLabeler - processImage()
2020-05-25 01:54:40.295,Begin successful result processing
2020-05-25 01:54:40.295,Detected image label: Dog 	 with confidence: 0.9801566
2020-05-25 01:54:40.295,Detected image label: Pet 	 with confidence: 0.9216542
2020-05-25 01:54:40.295,Detected image label: Toy 	 with confidence: 0.51934373
2020-05-25 01:54:40.295,End successful result processing
2020-05-25 01:54:40.399,FirebaseVisionImageLabeler - processImage()
2020-05-25 01:54:40.439,Begin successful result processing
2020-05-25 01:54:40.439,Detected image label: Dog 	 with confidence: 0.9801566
2020-05-25 01:54:40.439,Detected image label: Pet 	 with confidence: 0.9216542
2020-05-25 01:54:40.439,Detected image label: Toy 	 with confidence: 0.51934373
2020-05-25 01:54:40.439,End successful result processing
2020-05-25 01:54:40.537,FirebaseVisionImageLabeler - processImage()
2020-05-25 01:54:40.577,Begin successful result processing
2020-05-25 01:54:40.577,Detected image label: Dog 	 with confidence: 0.9801566
2020-05-25 01:54:40.577,Detected image label: Pet 	 with confidence: 0.9216542
2020-05-25 01:54:40.577,Detected image label: Toy 	 with confidence: 0.51934373
2020-05-25 01:54:40.577,End successful result processing
2020-05-25 01:54:40.678,FirebaseVisionImageLabeler - processImage()
2020-05-25 01:54:40.719,Begin successful result processing
2020-05-25 01:54:40.719,Detected image label: Dog 	 with confidence: 0.9801566
2020-05-25 01:54:40.719,Detected image label: Pet 	 with confidence: 0.9216542
2020-05-25 01:54:40.719,Detected image label: Toy 	 with confidence: 0.51934373
2020-05-25 01:54:40.719,End successful result processing
2020-05-25 01:54:40.818,FirebaseVisionImageLabeler - processImage()
2020-05-25 01:54:40.857,Begin successful result processing
2020-05-25 01:54:40.857,Detected image label: Dog 	 with confidence: 0.9801566
2020-05-25 01:54:40.857,Detected image label: Pet 	 with confidence: 0.9216542
2020-05-25 01:54:40.858,Detected image label: Toy 	 with confidence: 0.51934373
2020-05-25 01:54:40.858,End successful result processing
2020-05-25 01:54:40.958,FirebaseVisionImageLabeler - processImage()
2020-05-25 01:54:40.998,Begin successful result processing
2020-05-25 01:54:40.998,Detected image label: Dog 	 with confidence: 0.9801566
2020-05-25 01:54:40.998,Detected image label: Pet 	 with confidence: 0.9216542
2020-05-25 01:54:40.998,Detected image label: Toy 	 with confidence: 0.51934373
2020-05-25 01:54:40.998,End successful result processing
2020-05-25 01:54:41.098,FirebaseVisionImageLabeler - processImage()
2020-05-25 01:54:41.137,Begin successful result processing
2020-05-25 01:54:41.138,Detected image label: Dog 	 with confidence: 0.9801566
2020-05-25 01:54:41.138,Detected image label: Pet 	 with confidence: 0.9216542
2020-05-25 01:54:41.138,Detected image label: Toy 	 with confidence: 0.51934373
2020-05-25 01:54:41.138,End successful result processing
2020-05-25 01:54:41.237,FirebaseVisionImageLabeler - processImage()
2020-05-25 01:54:41.278,Begin successful result processing
2020-05-25 01:54:41.278,Detected image label: Dog 	 with confidence: 0.9801566
2020-05-25 01:54:41.278,Detected image label: Pet 	 with confidence: 0.9216542
2020-05-25 01:54:41.278,Detected image label: Toy 	 with confidence: 0.51934373
2020-05-25 01:54:41.278,End successful result processing
2020-05-25 01:54:41.378,FirebaseVisionImageLabeler - processImage()
2020-05-25 01:54:41.419,Begin successful result processing
2020-05-25 01:54:41.419,Detected image label: Dog 	 with confidence: 0.9801566
2020-05-25 01:54:41.419,Detected image label: Pet 	 with confidence: 0.9216542
2020-05-25 01:54:41.420,Detected image label: Toy 	 with confidence: 0.51934373
2020-05-25 01:54:41.420,End successful result processing
2020-05-25 01:54:41.516,FirebaseVisionImageLabeler - processImage()
2020-05-25 01:54:41.556,Begin successful result processing
2020-05-25 01:54:41.556,Detected image label: Dog 	 with confidence: 0.9801566
2020-05-25 01:54:41.556,Detected image label: Pet 	 with confidence: 0.9216542
2020-05-25 01:54:41.556,Detected image label: Toy 	 with confidence: 0.51934373
2020-05-25 01:54:41.556,End successful result processing
2020-05-25 01:54:41.664,FirebaseVisionImageLabeler - processImage()
2020-05-25 01:54:41.703,Begin successful result processing
2020-05-25 01:54:41.703,Detected image label: Dog 	 with confidence: 0.9801566
2020-05-25 01:54:41.703,Detected image label: Pet 	 with confidence: 0.9216542
2020-05-25 01:54:41.703,Detected image label: Toy 	 with confidence: 0.51934373
2020-05-25 01:54:41.703,End successful result processing
2020-05-25 01:54:41.801,FirebaseVisionImageLabeler - processImage()
2020-05-25 01:54:41.842,Begin successful result processing
2020-05-25 01:54:41.842,Detected image label: Dog 	 with confidence: 0.9801566
2020-05-25 01:54:41.842,Detected image label: Pet 	 with confidence: 0.9216542
2020-05-25 01:54:41.842,Detected image label: Toy 	 with confidence: 0.51934373
2020-05-25 01:54:41.842,End successful result processing
2020-05-25 01:54:41.940,FirebaseVisionImageLabeler - processImage()
2020-05-25 01:54:41.980,Begin successful result processing
2020-05-25 01:54:41.980,Detected image label: Dog 	 with confidence: 0.9801566
2020-05-25 01:54:41.980,Detected image label: Pet 	 with confidence: 0.9216542
2020-05-25 01:54:41.980,Detected image label: Toy 	 with confidence: 0.51934373
2020-05-25 01:54:41.980,End successful result processing
2020-05-25 01:54:42.077,FirebaseVisionImageLabeler - processImage()
2020-05-25 01:54:42.119,Begin successful result processing
2020-05-25 01:54:42.119,Detected image label: Dog 	 with confidence: 0.9801566
2020-05-25 01:54:42.119,Detected image label: Pet 	 with confidence: 0.9216542
2020-05-25 01:54:42.119,Detected image label: Toy 	 with confidence: 0.51934373
2020-05-25 01:54:42.119,End successful result processing
2020-05-25 01:54:42.218,FirebaseVisionImageLabeler - processImage()
2020-05-25 01:54:42.258,Begin successful result processing
2020-05-25 01:54:42.258,Detected image label: Dog 	 with confidence: 0.9801566
2020-05-25 01:54:42.258,Detected image label: Pet 	 with confidence: 0.9216542
2020-05-25 01:54:42.258,Detected image label: Toy 	 with confidence: 0.51934373
2020-05-25 01:54:42.259,End successful result processing
2020-05-25 01:54:42.387,FirebaseVisionImageLabeler - processImage()
2020-05-25 01:54:42.428,Begin successful result processing
2020-05-25 01:54:42.428,Detected image label: Dog 	 with confidence: 0.9801566
2020-05-25 01:54:42.428,Detected image label: Pet 	 with confidence: 0.9216542
2020-05-25 01:54:42.428,Detected image label: Toy 	 with confidence: 0.51934373
2020-05-25 01:54:42.428,End successful result processing
2020-05-25 01:54:42.548,FirebaseVisionImageLabeler - processImage()
2020-05-25 01:54:42.588,Begin successful result processing
2020-05-25 01:54:42.588,Detected image label: Dog 	 with confidence: 0.9801566
2020-05-25 01:54:42.588,Detected image label: Pet 	 with confidence: 0.9216542
2020-05-25 01:54:42.588,Detected image label: Toy 	 with confidence: 0.51934373
2020-05-25 01:54:42.588,End successful result processing
2020-05-25 01:54:42.687,FirebaseVisionImageLabeler - processImage()
2020-05-25 01:54:42.726,Begin successful result processing
2020-05-25 01:54:42.726,Detected image label: Dog 	 with confidence: 0.9801566
2020-05-25 01:54:42.726,Detected image label: Pet 	 with confidence: 0.9216542
2020-05-25 01:54:42.726,Detected image label: Toy 	 with confidence: 0.51934373
2020-05-25 01:54:42.726,End successful result processing
2020-05-25 01:54:42.825,FirebaseVisionImageLabeler - processImage()
2020-05-25 01:54:42.865,Begin successful result processing
2020-05-25 01:54:42.865,Detected image label: Dog 	 with confidence: 0.9801566
2020-05-25 01:54:42.865,Detected image label: Pet 	 with confidence: 0.9216542
2020-05-25 01:54:42.865,Detected image label: Toy 	 with confidence: 0.51934373
2020-05-25 01:54:42.865,End successful result processing
2020-05-25 01:54:42.965,FirebaseVisionImageLabeler - processImage()
2020-05-25 01:54:43.006,Begin successful result processing
2020-05-25 01:54:43.006,Detected image label: Dog 	 with confidence: 0.9801566
2020-05-25 01:54:43.006,Detected image label: Pet 	 with confidence: 0.9216542
2020-05-25 01:54:43.006,Detected image label: Toy 	 with confidence: 0.51934373
2020-05-25 01:54:43.006,End successful result processing
2020-05-25 01:54:43.152,FirebaseVisionImageLabeler - processImage()
2020-05-25 01:54:43.222,Begin successful result processing
2020-05-25 01:54:43.222,Detected image label: Dog 	 with confidence: 0.9801566
2020-05-25 01:54:43.222,Detected image label: Pet 	 with confidence: 0.9216542
2020-05-25 01:54:43.222,Detected image label: Toy 	 with confidence: 0.51934373
2020-05-25 01:54:43.222,End successful result processing
2020-05-25 01:54:43.363,FirebaseVisionImageLabeler - processImage()
2020-05-25 01:54:43.402,Begin successful result processing
2020-05-25 01:54:43.402,Detected image label: Dog 	 with confidence: 0.9801566
2020-05-25 01:54:43.403,Detected image label: Pet 	 with confidence: 0.9216542
2020-05-25 01:54:43.403,Detected image label: Toy 	 with confidence: 0.51934373
2020-05-25 01:54:43.403,End successful result processing
2020-05-25 01:54:43.501,FirebaseVisionImageLabeler - processImage()
2020-05-25 01:54:43.541,Begin successful result processing
2020-05-25 01:54:43.541,Detected image label: Dog 	 with confidence: 0.9801566
2020-05-25 01:54:43.541,Detected image label: Pet 	 with confidence: 0.9216542
2020-05-25 01:54:43.541,Detected image label: Toy 	 with confidence: 0.51934373
2020-05-25 01:54:43.541,End successful result processing
2020-05-25 01:54:43.639,FirebaseVisionImageLabeler - processImage()
2020-05-25 01:54:43.681,Begin successful result processing
2020-05-25 01:54:43.681,Detected image label: Dog 	 with confidence: 0.9801566
2020-05-25 01:54:43.681,Detected image label: Pet 	 with confidence: 0.9216542
2020-05-25 01:54:43.681,Detected image label: Toy 	 with confidence: 0.51934373
2020-05-25 01:54:43.681,End successful result processing
2020-05-25 01:54:43.821,FirebaseVisionImageLabeler - processImage()
2020-05-25 01:54:43.865,Begin successful result processing
2020-05-25 01:54:43.865,Detected image label: Dog 	 with confidence: 0.9801566
2020-05-25 01:54:43.865,Detected image label: Pet 	 with confidence: 0.9216542
2020-05-25 01:54:43.865,Detected image label: Toy 	 with confidence: 0.51934373
2020-05-25 01:54:43.865,End successful result processing
2020-05-25 01:54:43.966,FirebaseVisionImageLabeler - processImage()
2020-05-25 01:54:44.005,Begin successful result processing
2020-05-25 01:54:44.006,Detected image label: Dog 	 with confidence: 0.9801566
2020-05-25 01:54:44.006,Detected image label: Pet 	 with confidence: 0.9216542
2020-05-25 01:54:44.006,Detected image label: Toy 	 with confidence: 0.51934373
2020-05-25 01:54:44.006,End successful result processing
2020-05-25 01:54:44.101,FirebaseVisionImageLabeler - processImage()
2020-05-25 01:54:44.141,Begin successful result processing
2020-05-25 01:54:44.141,Detected image label: Dog 	 with confidence: 0.9801566
2020-05-25 01:54:44.141,Detected image label: Pet 	 with confidence: 0.9216542
2020-05-25 01:54:44.141,Detected image label: Toy 	 with confidence: 0.51934373
2020-05-25 01:54:44.141,End successful result processing
2020-05-25 01:54:44.284,FirebaseVisionImageLabeler - processImage()
2020-05-25 01:54:44.325,Begin successful result processing
2020-05-25 01:54:44.325,Detected image label: Dog 	 with confidence: 0.9801566
2020-05-25 01:54:44.325,Detected image label: Pet 	 with confidence: 0.9216542
2020-05-25 01:54:44.325,Detected image label: Toy 	 with confidence: 0.51934373
2020-05-25 01:54:44.325,End successful result processing
2020-05-25 01:54:44.423,FirebaseVisionImageLabeler - processImage()
2020-05-25 01:54:44.463,Begin successful result processing
2020-05-25 01:54:44.463,Detected image label: Dog 	 with confidence: 0.9801566
2020-05-25 01:54:44.463,Detected image label: Pet 	 with confidence: 0.9216542
2020-05-25 01:54:44.463,Detected image label: Toy 	 with confidence: 0.51934373
2020-05-25 01:54:44.463,End successful result processing
2020-05-25 01:54:44.566,FirebaseVisionImageLabeler - processImage()
2020-05-25 01:54:44.606,Begin successful result processing
2020-05-25 01:54:44.606,Detected image label: Dog 	 with confidence: 0.9801566
2020-05-25 01:54:44.606,Detected image label: Pet 	 with confidence: 0.9216542
2020-05-25 01:54:44.606,Detected image label: Toy 	 with confidence: 0.51934373
2020-05-25 01:54:44.606,End successful result processing
2020-05-25 01:54:44.702,FirebaseVisionImageLabeler - processImage()
2020-05-25 01:54:44.741,Begin successful result processing
2020-05-25 01:54:44.741,Detected image label: Dog 	 with confidence: 0.9801566
2020-05-25 01:54:44.741,Detected image label: Pet 	 with confidence: 0.9216542
2020-05-25 01:54:44.741,Detected image label: Toy 	 with confidence: 0.51934373
2020-05-25 01:54:44.742,End successful result processing
2020-05-25 01:54:44.842,FirebaseVisionImageLabeler - processImage()
2020-05-25 01:54:44.883,Begin successful result processing
2020-05-25 01:54:44.883,Detected image label: Dog 	 with confidence: 0.9801566
2020-05-25 01:54:44.883,Detected image label: Pet 	 with confidence: 0.9216542
2020-05-25 01:54:44.883,Detected image label: Toy 	 with confidence: 0.51934373
2020-05-25 01:54:44.883,End successful result processing
2020-05-25 01:54:44.983,FirebaseVisionImageLabeler - processImage()
2020-05-25 01:54:45.022,Begin successful result processing
2020-05-25 01:54:45.022,Detected image label: Dog 	 with confidence: 0.9801566
2020-05-25 01:54:45.023,Detected image label: Pet 	 with confidence: 0.9216542
2020-05-25 01:54:45.023,Detected image label: Toy 	 with confidence: 0.51934373
2020-05-25 01:54:45.023,End successful result processing
2020-05-25 01:54:45.120,FirebaseVisionImageLabeler - processImage()
2020-05-25 01:54:45.160,Begin successful result processing
2020-05-25 01:54:45.160,Detected image label: Dog 	 with confidence: 0.9674398
2020-05-25 01:54:45.160,Detected image label: Pet 	 with confidence: 0.86597234
2020-05-25 01:54:45.160,Detected image label: Toy 	 with confidence: 0.67284405
2020-05-25 01:54:45.160,End successful result processing
2020-05-25 01:54:45.288,FirebaseVisionImageLabeler - processImage()
2020-05-25 01:54:45.328,Begin successful result processing
2020-05-25 01:54:45.328,Detected image label: Dog 	 with confidence: 0.9674398
2020-05-25 01:54:45.328,Detected image label: Pet 	 with confidence: 0.86597234
2020-05-25 01:54:45.328,Detected image label: Toy 	 with confidence: 0.67284405
2020-05-25 01:54:45.328,End successful result processing
2020-05-25 01:54:45.465,FirebaseVisionImageLabeler - processImage()
2020-05-25 01:54:45.506,Begin successful result processing
2020-05-25 01:54:45.506,Detected image label: Dog 	 with confidence: 0.9674398
2020-05-25 01:54:45.506,Detected image label: Pet 	 with confidence: 0.86597234
2020-05-25 01:54:45.506,Detected image label: Toy 	 with confidence: 0.67284405
2020-05-25 01:54:45.506,End successful result processing
2020-05-25 01:54:45.644,FirebaseVisionImageLabeler - processImage()
2020-05-25 01:54:45.752,Begin successful result processing
2020-05-25 01:54:45.752,Detected image label: Dog 	 with confidence: 0.9674398
2020-05-25 01:54:45.752,Detected image label: Pet 	 with confidence: 0.86597234
2020-05-25 01:54:45.752,Detected image label: Toy 	 with confidence: 0.67284405
2020-05-25 01:54:45.752,End successful result processing
2020-05-25 01:54:45.869,FirebaseVisionImageLabeler - processImage()
