2020-05-25 01:55:12.085,FirebaseVision - getInstance() - getOnDeviceImageLabeler()
2020-05-25 01:55:12.458,FirebaseVisionImageLabeler - processImage()
2020-05-25 01:55:12.597,Begin successful result processing
2020-05-25 01:55:12.597,Detected image label: Dog 	 with confidence: 0.9923308
2020-05-25 01:55:12.598,Detected image label: Pet 	 with confidence: 0.9706755
2020-05-25 01:55:12.598,End successful result processing
2020-05-25 01:55:12.701,FirebaseVisionImageLabeler - processImage()
2020-05-25 01:55:12.745,Begin successful result processing
2020-05-25 01:55:12.746,Detected image label: Dog 	 with confidence: 0.9923308
2020-05-25 01:55:12.746,Detected image label: Pet 	 with confidence: 0.9706755
2020-05-25 01:55:12.747,End successful result processing
2020-05-25 01:55:12.852,FirebaseVisionImageLabeler - processImage()
2020-05-25 01:55:12.894,Begin successful result processing
2020-05-25 01:55:12.895,Detected image label: Dog 	 with confidence: 0.9923308
2020-05-25 01:55:12.895,Detected image label: Pet 	 with confidence: 0.9706755
2020-05-25 01:55:12.895,End successful result processing
2020-05-25 01:55:13.000,FirebaseVisionImageLabeler - processImage()
2020-05-25 01:55:13.042,Begin successful result processing
2020-05-25 01:55:13.042,Detected image label: Dog 	 with confidence: 0.9923308
2020-05-25 01:55:13.043,Detected image label: Pet 	 with confidence: 0.9706755
2020-05-25 01:55:13.043,End successful result processing
2020-05-25 01:55:13.147,FirebaseVisionImageLabeler - processImage()
2020-05-25 01:55:13.189,Begin successful result processing
2020-05-25 01:55:13.189,Detected image label: Dog 	 with confidence: 0.9923308
2020-05-25 01:55:13.190,Detected image label: Pet 	 with confidence: 0.9706755
2020-05-25 01:55:13.190,End successful result processing
2020-05-25 01:55:13.293,FirebaseVisionImageLabeler - processImage()
2020-05-25 01:55:13.335,Begin successful result processing
2020-05-25 01:55:13.335,Detected image label: Dog 	 with confidence: 0.9923308
2020-05-25 01:55:13.336,Detected image label: Pet 	 with confidence: 0.9706755
2020-05-25 01:55:13.336,End successful result processing
2020-05-25 01:55:13.441,FirebaseVisionImageLabeler - processImage()
2020-05-25 01:55:13.484,Begin successful result processing
2020-05-25 01:55:13.485,Detected image label: Dog 	 with confidence: 0.9923308
2020-05-25 01:55:13.485,Detected image label: Pet 	 with confidence: 0.9706755
2020-05-25 01:55:13.485,End successful result processing
2020-05-25 01:55:13.592,FirebaseVisionImageLabeler - processImage()
2020-05-25 01:55:13.635,Begin successful result processing
2020-05-25 01:55:13.635,Detected image label: Dog 	 with confidence: 0.9923308
2020-05-25 01:55:13.636,Detected image label: Pet 	 with confidence: 0.9706755
2020-05-25 01:55:13.636,End successful result processing
2020-05-25 01:55:13.751,FirebaseVisionImageLabeler - processImage()
2020-05-25 01:55:13.795,Begin successful result processing
2020-05-25 01:55:13.795,Detected image label: Dog 	 with confidence: 0.9923308
2020-05-25 01:55:13.795,Detected image label: Pet 	 with confidence: 0.9706755
2020-05-25 01:55:13.796,End successful result processing
2020-05-25 01:55:13.902,FirebaseVisionImageLabeler - processImage()
2020-05-25 01:55:13.944,Begin successful result processing
2020-05-25 01:55:13.944,Detected image label: Dog 	 with confidence: 0.9923308
2020-05-25 01:55:13.945,Detected image label: Pet 	 with confidence: 0.9706755
2020-05-25 01:55:13.945,End successful result processing
2020-05-25 01:55:14.058,FirebaseVisionImageLabeler - processImage()
2020-05-25 01:55:14.105,Begin successful result processing
2020-05-25 01:55:14.106,Detected image label: Dog 	 with confidence: 0.9923308
2020-05-25 01:55:14.106,Detected image label: Pet 	 with confidence: 0.9706755
2020-05-25 01:55:14.106,End successful result processing
2020-05-25 01:55:14.213,FirebaseVisionImageLabeler - processImage()
2020-05-25 01:55:14.257,Begin successful result processing
2020-05-25 01:55:14.257,Detected image label: Dog 	 with confidence: 0.9923308
2020-05-25 01:55:14.258,Detected image label: Pet 	 with confidence: 0.9706755
2020-05-25 01:55:14.258,End successful result processing
2020-05-25 01:55:14.396,FirebaseVisionImageLabeler - processImage()
2020-05-25 01:55:14.439,Begin successful result processing
2020-05-25 01:55:14.440,Detected image label: Dog 	 with confidence: 0.9923308
2020-05-25 01:55:14.440,Detected image label: Pet 	 with confidence: 0.9706755
2020-05-25 01:55:14.440,End successful result processing
2020-05-25 01:55:14.546,FirebaseVisionImageLabeler - processImage()
2020-05-25 01:55:14.588,Begin successful result processing
2020-05-25 01:55:14.588,Detected image label: Dog 	 with confidence: 0.9923308
2020-05-25 01:55:14.588,Detected image label: Pet 	 with confidence: 0.9706755
2020-05-25 01:55:14.589,End successful result processing
2020-05-25 01:55:14.698,FirebaseVisionImageLabeler - processImage()
2020-05-25 01:55:14.739,Begin successful result processing
2020-05-25 01:55:14.740,Detected image label: Dog 	 with confidence: 0.9923308
2020-05-25 01:55:14.740,Detected image label: Pet 	 with confidence: 0.9706755
2020-05-25 01:55:14.740,End successful result processing
2020-05-25 01:55:14.844,FirebaseVisionImageLabeler - processImage()
2020-05-25 01:55:14.885,Begin successful result processing
2020-05-25 01:55:14.886,Detected image label: Dog 	 with confidence: 0.9923308
2020-05-25 01:55:14.886,Detected image label: Pet 	 with confidence: 0.9706755
2020-05-25 01:55:14.886,End successful result processing
2020-05-25 01:55:15.048,FirebaseVisionImageLabeler - processImage()
2020-05-25 01:55:15.092,Begin successful result processing
2020-05-25 01:55:15.092,Detected image label: Dog 	 with confidence: 0.9923308
2020-05-25 01:55:15.093,Detected image label: Pet 	 with confidence: 0.9706755
2020-05-25 01:55:15.093,End successful result processing
2020-05-25 01:55:15.198,FirebaseVisionImageLabeler - processImage()
2020-05-25 01:55:15.242,Begin successful result processing
2020-05-25 01:55:15.242,Detected image label: Dog 	 with confidence: 0.9923308
2020-05-25 01:55:15.243,Detected image label: Pet 	 with confidence: 0.9706755
2020-05-25 01:55:15.243,End successful result processing
2020-05-25 01:55:15.384,FirebaseVisionImageLabeler - processImage()
2020-05-25 01:55:15.425,Begin successful result processing
2020-05-25 01:55:15.425,Detected image label: Dog 	 with confidence: 0.9923308
2020-05-25 01:55:15.426,Detected image label: Pet 	 with confidence: 0.9706755
2020-05-25 01:55:15.426,End successful result processing
2020-05-25 01:55:15.569,FirebaseVisionImageLabeler - processImage()
2020-05-25 01:55:15.612,Begin successful result processing
2020-05-25 01:55:15.613,Detected image label: Dog 	 with confidence: 0.9923308
2020-05-25 01:55:15.613,Detected image label: Pet 	 with confidence: 0.9706755
2020-05-25 01:55:15.613,End successful result processing
2020-05-25 01:55:15.742,FirebaseVisionImageLabeler - processImage()
2020-05-25 01:55:15.784,Begin successful result processing
2020-05-25 01:55:15.784,Detected image label: Dog 	 with confidence: 0.9923308
2020-05-25 01:55:15.784,Detected image label: Pet 	 with confidence: 0.9706755
2020-05-25 01:55:15.784,End successful result processing
2020-05-25 01:55:15.918,FirebaseVisionImageLabeler - processImage()
2020-05-25 01:55:15.963,Begin successful result processing
2020-05-25 01:55:15.963,Detected image label: Dog 	 with confidence: 0.9923308
2020-05-25 01:55:15.963,Detected image label: Pet 	 with confidence: 0.9706755
2020-05-25 01:55:15.963,End successful result processing
2020-05-25 01:55:16.067,FirebaseVisionImageLabeler - processImage()
2020-05-25 01:55:16.110,Begin successful result processing
2020-05-25 01:55:16.110,Detected image label: Dog 	 with confidence: 0.9923308
2020-05-25 01:55:16.110,Detected image label: Pet 	 with confidence: 0.9706755
2020-05-25 01:55:16.110,End successful result processing
2020-05-25 01:55:16.217,FirebaseVisionImageLabeler - processImage()
2020-05-25 01:55:16.261,Begin successful result processing
2020-05-25 01:55:16.261,Detected image label: Dog 	 with confidence: 0.9923308
2020-05-25 01:55:16.262,Detected image label: Pet 	 with confidence: 0.9706755
2020-05-25 01:55:16.262,End successful result processing
2020-05-25 01:55:16.371,FirebaseVisionImageLabeler - processImage()
2020-05-25 01:55:16.412,Begin successful result processing
2020-05-25 01:55:16.412,Detected image label: Dog 	 with confidence: 0.9923308
2020-05-25 01:55:16.413,Detected image label: Pet 	 with confidence: 0.9706755
2020-05-25 01:55:16.413,End successful result processing
2020-05-25 01:55:16.523,FirebaseVisionImageLabeler - processImage()
2020-05-25 01:55:16.566,Begin successful result processing
2020-05-25 01:55:16.566,Detected image label: Dog 	 with confidence: 0.9923308
2020-05-25 01:55:16.566,Detected image label: Pet 	 with confidence: 0.9706755
2020-05-25 01:55:16.566,End successful result processing
2020-05-25 01:55:16.707,FirebaseVisionImageLabeler - processImage()
2020-05-25 01:55:16.750,Begin successful result processing
2020-05-25 01:55:16.750,Detected image label: Dog 	 with confidence: 0.9912651
2020-05-25 01:55:16.750,Detected image label: Pet 	 with confidence: 0.96455383
2020-05-25 01:55:16.751,End successful result processing
2020-05-25 01:55:16.865,FirebaseVisionImageLabeler - processImage()
2020-05-25 01:55:16.907,Begin successful result processing
2020-05-25 01:55:16.907,Detected image label: Dog 	 with confidence: 0.9912651
2020-05-25 01:55:16.907,Detected image label: Pet 	 with confidence: 0.96455383
2020-05-25 01:55:16.908,End successful result processing
2020-05-25 01:55:17.053,FirebaseVisionImageLabeler - processImage()
2020-05-25 01:55:17.093,Begin successful result processing
2020-05-25 01:55:17.094,Detected image label: Dog 	 with confidence: 0.9912651
2020-05-25 01:55:17.094,Detected image label: Pet 	 with confidence: 0.96455383
2020-05-25 01:55:17.094,End successful result processing
2020-05-25 01:55:17.215,FirebaseVisionImageLabeler - processImage()
2020-05-25 01:55:17.258,Begin successful result processing
2020-05-25 01:55:17.258,Detected image label: Dog 	 with confidence: 0.9912651
2020-05-25 01:55:17.259,Detected image label: Pet 	 with confidence: 0.96455383
2020-05-25 01:55:17.259,End successful result processing
2020-05-25 01:55:17.372,FirebaseVisionImageLabeler - processImage()
2020-05-25 01:55:17.414,Begin successful result processing
2020-05-25 01:55:17.415,Detected image label: Dog 	 with confidence: 0.9912651
2020-05-25 01:55:17.415,Detected image label: Pet 	 with confidence: 0.96455383
2020-05-25 01:55:17.415,End successful result processing
2020-05-25 01:55:17.534,FirebaseVisionImageLabeler - processImage()
2020-05-25 01:55:17.577,Begin successful result processing
2020-05-25 01:55:17.578,Detected image label: Dog 	 with confidence: 0.9912651
2020-05-25 01:55:17.578,Detected image label: Pet 	 with confidence: 0.96455383
2020-05-25 01:55:17.578,End successful result processing
2020-05-25 01:55:17.713,FirebaseVisionImageLabeler - processImage()
2020-05-25 01:55:17.769,Begin successful result processing
2020-05-25 01:55:17.769,Detected image label: Dog 	 with confidence: 0.9912651
2020-05-25 01:55:17.769,Detected image label: Pet 	 with confidence: 0.96455383
2020-05-25 01:55:17.769,End successful result processing
2020-05-25 01:55:17.880,FirebaseVisionImageLabeler - processImage()
2020-05-25 01:55:17.921,Begin successful result processing
2020-05-25 01:55:17.922,Detected image label: Dog 	 with confidence: 0.9912651
2020-05-25 01:55:17.922,Detected image label: Pet 	 with confidence: 0.96455383
2020-05-25 01:55:17.922,End successful result processing
2020-05-25 01:55:18.033,FirebaseVisionImageLabeler - processImage()
2020-05-25 01:55:18.078,Begin successful result processing
2020-05-25 01:55:18.078,Detected image label: Dog 	 with confidence: 0.9912651
2020-05-25 01:55:18.079,Detected image label: Pet 	 with confidence: 0.96455383
2020-05-25 01:55:18.079,End successful result processing
2020-05-25 01:55:18.248,FirebaseVisionImageLabeler - processImage()
2020-05-25 01:55:18.293,Begin successful result processing
2020-05-25 01:55:18.293,Detected image label: Dog 	 with confidence: 0.9912651
2020-05-25 01:55:18.293,Detected image label: Pet 	 with confidence: 0.96455383
2020-05-25 01:55:18.294,End successful result processing
2020-05-25 01:55:18.437,FirebaseVisionImageLabeler - processImage()
2020-05-25 01:55:18.478,Begin successful result processing
2020-05-25 01:55:18.478,Detected image label: Dog 	 with confidence: 0.9912651
2020-05-25 01:55:18.479,Detected image label: Pet 	 with confidence: 0.96455383
2020-05-25 01:55:18.479,End successful result processing
2020-05-25 01:55:18.591,FirebaseVisionImageLabeler - processImage()
2020-05-25 01:55:18.634,Begin successful result processing
2020-05-25 01:55:18.635,Detected image label: Dog 	 with confidence: 0.9912651
2020-05-25 01:55:18.635,Detected image label: Pet 	 with confidence: 0.96455383
2020-05-25 01:55:18.635,End successful result processing
2020-05-25 01:55:18.748,FirebaseVisionImageLabeler - processImage()
2020-05-25 01:55:18.790,Begin successful result processing
2020-05-25 01:55:18.791,Detected image label: Dog 	 with confidence: 0.9912651
2020-05-25 01:55:18.791,Detected image label: Pet 	 with confidence: 0.96455383
2020-05-25 01:55:18.791,End successful result processing
2020-05-25 01:55:18.985,FirebaseVisionImageLabeler - processImage()
2020-05-25 01:55:19.032,Begin successful result processing
2020-05-25 01:55:19.032,Detected image label: Dog 	 with confidence: 0.9912651
2020-05-25 01:55:19.032,Detected image label: Pet 	 with confidence: 0.96455383
2020-05-25 01:55:19.033,End successful result processing
2020-05-25 01:55:19.177,FirebaseVisionImageLabeler - processImage()
2020-05-25 01:55:19.219,Begin successful result processing
2020-05-25 01:55:19.219,Detected image label: Dog 	 with confidence: 0.9912651
2020-05-25 01:55:19.219,Detected image label: Pet 	 with confidence: 0.96455383
2020-05-25 01:55:19.219,End successful result processing
2020-05-25 01:55:19.329,FirebaseVisionImageLabeler - processImage()
2020-05-25 01:55:19.371,Begin successful result processing
2020-05-25 01:55:19.371,Detected image label: Dog 	 with confidence: 0.9912651
2020-05-25 01:55:19.372,Detected image label: Pet 	 with confidence: 0.96455383
2020-05-25 01:55:19.372,End successful result processing
2020-05-25 01:55:19.487,FirebaseVisionImageLabeler - processImage()
2020-05-25 01:55:19.528,Begin successful result processing
2020-05-25 01:55:19.528,Detected image label: Dog 	 with confidence: 0.9912651
2020-05-25 01:55:19.528,Detected image label: Pet 	 with confidence: 0.96455383
2020-05-25 01:55:19.528,End successful result processing
2020-05-25 01:55:19.686,FirebaseVisionImageLabeler - processImage()
2020-05-25 01:55:19.728,Begin successful result processing
2020-05-25 01:55:19.728,Detected image label: Dog 	 with confidence: 0.9912651
2020-05-25 01:55:19.729,Detected image label: Pet 	 with confidence: 0.96455383
2020-05-25 01:55:19.729,End successful result processing
2020-05-25 01:55:19.865,FirebaseVisionImageLabeler - processImage()
2020-05-25 01:55:19.907,Begin successful result processing
2020-05-25 01:55:19.907,Detected image label: Dog 	 with confidence: 0.9912651
2020-05-25 01:55:19.907,Detected image label: Pet 	 with confidence: 0.96455383
2020-05-25 01:55:19.908,End successful result processing
2020-05-25 01:55:20.059,FirebaseVisionImageLabeler - processImage()
2020-05-25 01:55:20.100,Begin successful result processing
2020-05-25 01:55:20.100,Detected image label: Dog 	 with confidence: 0.9912651
2020-05-25 01:55:20.100,Detected image label: Pet 	 with confidence: 0.96455383
2020-05-25 01:55:20.100,End successful result processing
2020-05-25 01:55:20.266,FirebaseVisionImageLabeler - processImage()
2020-05-25 01:55:20.308,Begin successful result processing
2020-05-25 01:55:20.309,Detected image label: Dog 	 with confidence: 0.9912651
2020-05-25 01:55:20.309,Detected image label: Pet 	 with confidence: 0.96455383
2020-05-25 01:55:20.309,End successful result processing
2020-05-25 01:55:20.424,FirebaseVisionImageLabeler - processImage()
2020-05-25 01:55:20.465,Begin successful result processing
2020-05-25 01:55:20.466,Detected image label: Dog 	 with confidence: 0.9912651
2020-05-25 01:55:20.466,Detected image label: Pet 	 with confidence: 0.96455383
2020-05-25 01:55:20.466,End successful result processing
2020-05-25 01:55:20.582,FirebaseVisionImageLabeler - processImage()
2020-05-25 01:55:20.623,Begin successful result processing
2020-05-25 01:55:20.623,Detected image label: Dog 	 with confidence: 0.9912651
2020-05-25 01:55:20.623,Detected image label: Pet 	 with confidence: 0.96455383
2020-05-25 01:55:20.623,End successful result processing
2020-05-25 01:55:20.759,FirebaseVisionImageLabeler - processImage()
2020-05-25 01:55:20.800,Begin successful result processing
2020-05-25 01:55:20.800,Detected image label: Dog 	 with confidence: 0.9912651
2020-05-25 01:55:20.800,Detected image label: Pet 	 with confidence: 0.96455383
2020-05-25 01:55:20.800,End successful result processing
2020-05-25 01:55:20.915,FirebaseVisionImageLabeler - processImage()
2020-05-25 01:55:20.956,Begin successful result processing
2020-05-25 01:55:20.956,Detected image label: Dog 	 with confidence: 0.9912651
2020-05-25 01:55:20.956,Detected image label: Pet 	 with confidence: 0.96455383
2020-05-25 01:55:20.956,End successful result processing
2020-05-25 01:55:21.104,FirebaseVisionImageLabeler - processImage()
2020-05-25 01:55:21.146,Begin successful result processing
2020-05-25 01:55:21.146,Detected image label: Dog 	 with confidence: 0.9912651
2020-05-25 01:55:21.146,Detected image label: Pet 	 with confidence: 0.96455383
2020-05-25 01:55:21.146,End successful result processing
2020-05-25 01:55:21.280,FirebaseVisionImageLabeler - processImage()
2020-05-25 01:55:21.321,Begin successful result processing
2020-05-25 01:55:21.321,Detected image label: Dog 	 with confidence: 0.9912651
2020-05-25 01:55:21.321,Detected image label: Pet 	 with confidence: 0.96455383
2020-05-25 01:55:21.322,End successful result processing
2020-05-25 01:55:21.475,FirebaseVisionImageLabeler - processImage()
2020-05-25 01:55:21.516,Begin successful result processing
2020-05-25 01:55:21.516,Detected image label: Dog 	 with confidence: 0.9912651
2020-05-25 01:55:21.516,Detected image label: Pet 	 with confidence: 0.96455383
2020-05-25 01:55:21.516,End successful result processing
2020-05-25 01:55:21.645,FirebaseVisionImageLabeler - processImage()
2020-05-25 01:55:21.686,Begin successful result processing
2020-05-25 01:55:21.686,Detected image label: Dog 	 with confidence: 0.9912651
2020-05-25 01:55:21.686,Detected image label: Pet 	 with confidence: 0.96455383
2020-05-25 01:55:21.686,End successful result processing
2020-05-25 01:55:21.834,FirebaseVisionImageLabeler - processImage()
2020-05-25 01:55:21.880,Begin successful result processing
2020-05-25 01:55:21.881,Detected image label: Dog 	 with confidence: 0.9912651
2020-05-25 01:55:21.881,Detected image label: Pet 	 with confidence: 0.96455383
2020-05-25 01:55:21.881,End successful result processing
2020-05-25 01:55:21.995,FirebaseVisionImageLabeler - processImage()
2020-05-25 01:55:22.039,Begin successful result processing
2020-05-25 01:55:22.039,Detected image label: Dog 	 with confidence: 0.9912651
2020-05-25 01:55:22.039,Detected image label: Pet 	 with confidence: 0.96455383
2020-05-25 01:55:22.039,End successful result processing
2020-05-25 01:55:22.151,FirebaseVisionImageLabeler - processImage()
2020-05-25 01:55:22.192,Begin successful result processing
2020-05-25 01:55:22.192,Detected image label: Dog 	 with confidence: 0.9912651
2020-05-25 01:55:22.192,Detected image label: Pet 	 with confidence: 0.96455383
2020-05-25 01:55:22.192,End successful result processing
2020-05-25 01:55:22.308,FirebaseVisionImageLabeler - processImage()
2020-05-25 01:55:22.349,Begin successful result processing
2020-05-25 01:55:22.349,Detected image label: Dog 	 with confidence: 0.9912651
2020-05-25 01:55:22.350,Detected image label: Pet 	 with confidence: 0.96455383
2020-05-25 01:55:22.350,End successful result processing
2020-05-25 01:55:22.488,FirebaseVisionImageLabeler - processImage()
2020-05-25 01:55:22.549,Begin successful result processing
2020-05-25 01:55:22.549,Detected image label: Dog 	 with confidence: 0.9912651
2020-05-25 01:55:22.549,Detected image label: Pet 	 with confidence: 0.96455383
2020-05-25 01:55:22.549,End successful result processing
2020-05-25 01:55:22.661,FirebaseVisionImageLabeler - processImage()
2020-05-25 01:55:22.701,Begin successful result processing
2020-05-25 01:55:22.702,Detected image label: Dog 	 with confidence: 0.9912651
2020-05-25 01:55:22.702,Detected image label: Pet 	 with confidence: 0.96455383
2020-05-25 01:55:22.702,End successful result processing
2020-05-25 01:55:22.853,FirebaseVisionImageLabeler - processImage()
2020-05-25 01:55:22.894,Begin successful result processing
2020-05-25 01:55:22.894,Detected image label: Dog 	 with confidence: 0.9912651
2020-05-25 01:55:22.894,Detected image label: Pet 	 with confidence: 0.96455383
2020-05-25 01:55:22.894,End successful result processing
2020-05-25 01:55:23.024,FirebaseVisionImageLabeler - processImage()
2020-05-25 01:55:23.064,Begin successful result processing
2020-05-25 01:55:23.064,Detected image label: Dog 	 with confidence: 0.9912651
2020-05-25 01:55:23.064,Detected image label: Pet 	 with confidence: 0.96455383
2020-05-25 01:55:23.064,End successful result processing
2020-05-25 01:55:23.214,FirebaseVisionImageLabeler - processImage()
2020-05-25 01:55:23.260,Begin successful result processing
2020-05-25 01:55:23.260,Detected image label: Dog 	 with confidence: 0.9912651
2020-05-25 01:55:23.260,Detected image label: Pet 	 with confidence: 0.96455383
2020-05-25 01:55:23.260,End successful result processing
2020-05-25 01:55:23.376,FirebaseVisionImageLabeler - processImage()
2020-05-25 01:55:23.419,Begin successful result processing
2020-05-25 01:55:23.419,Detected image label: Dog 	 with confidence: 0.9912651
2020-05-25 01:55:23.419,Detected image label: Pet 	 with confidence: 0.96455383
2020-05-25 01:55:23.419,End successful result processing
2020-05-25 01:55:23.529,FirebaseVisionImageLabeler - processImage()
2020-05-25 01:55:23.570,Begin successful result processing
2020-05-25 01:55:23.570,Detected image label: Dog 	 with confidence: 0.9912651
2020-05-25 01:55:23.570,Detected image label: Pet 	 with confidence: 0.96455383
2020-05-25 01:55:23.570,End successful result processing
2020-05-25 01:55:23.682,FirebaseVisionImageLabeler - processImage()
2020-05-25 01:55:23.723,Begin successful result processing
2020-05-25 01:55:23.723,Detected image label: Dog 	 with confidence: 0.9912651
2020-05-25 01:55:23.723,Detected image label: Pet 	 with confidence: 0.96455383
2020-05-25 01:55:23.723,End successful result processing
2020-05-25 01:55:23.839,FirebaseVisionImageLabeler - processImage()
2020-05-25 01:55:23.880,Begin successful result processing
2020-05-25 01:55:23.880,Detected image label: Dog 	 with confidence: 0.9912651
2020-05-25 01:55:23.880,Detected image label: Pet 	 with confidence: 0.96455383
2020-05-25 01:55:23.880,End successful result processing
2020-05-25 01:55:24.044,FirebaseVisionImageLabeler - processImage()
2020-05-25 01:55:24.084,Begin successful result processing
2020-05-25 01:55:24.084,Detected image label: Dog 	 with confidence: 0.9912651
2020-05-25 01:55:24.084,Detected image label: Pet 	 with confidence: 0.96455383
2020-05-25 01:55:24.084,End successful result processing
2020-05-25 01:55:24.196,FirebaseVisionImageLabeler - processImage()
2020-05-25 01:55:24.237,Begin successful result processing
2020-05-25 01:55:24.237,Detected image label: Dog 	 with confidence: 0.9912651
2020-05-25 01:55:24.237,Detected image label: Pet 	 with confidence: 0.96455383
2020-05-25 01:55:24.237,End successful result processing
2020-05-25 01:55:24.350,FirebaseVisionImageLabeler - processImage()
2020-05-25 01:55:24.395,Begin successful result processing
2020-05-25 01:55:24.395,Detected image label: Dog 	 with confidence: 0.9912651
2020-05-25 01:55:24.395,Detected image label: Pet 	 with confidence: 0.96455383
2020-05-25 01:55:24.395,End successful result processing
2020-05-25 01:55:24.511,FirebaseVisionImageLabeler - processImage()
2020-05-25 01:55:24.560,Begin successful result processing
2020-05-25 01:55:24.560,Detected image label: Dog 	 with confidence: 0.9912651
2020-05-25 01:55:24.560,Detected image label: Pet 	 with confidence: 0.96455383
2020-05-25 01:55:24.560,End successful result processing
2020-05-25 01:55:24.674,FirebaseVisionImageLabeler - processImage()
2020-05-25 01:55:24.724,Begin successful result processing
2020-05-25 01:55:24.724,Detected image label: Dog 	 with confidence: 0.9912651
2020-05-25 01:55:24.724,Detected image label: Pet 	 with confidence: 0.96455383
2020-05-25 01:55:24.724,End successful result processing
2020-05-25 01:55:24.842,FirebaseVisionImageLabeler - processImage()
2020-05-25 01:55:24.882,Begin successful result processing
2020-05-25 01:55:24.883,Detected image label: Dog 	 with confidence: 0.9912651
2020-05-25 01:55:24.883,Detected image label: Pet 	 with confidence: 0.96455383
2020-05-25 01:55:24.883,End successful result processing
2020-05-25 01:55:24.996,FirebaseVisionImageLabeler - processImage()
2020-05-25 01:55:25.040,Begin successful result processing
2020-05-25 01:55:25.040,Detected image label: Dog 	 with confidence: 0.9912651
2020-05-25 01:55:25.041,Detected image label: Pet 	 with confidence: 0.96211964
2020-05-25 01:55:25.041,Detected image label: Boxer 	 with confidence: 0.5538169
2020-05-25 01:55:25.041,End successful result processing
2020-05-25 01:55:25.159,FirebaseVisionImageLabeler - processImage()
2020-05-25 01:55:25.200,Begin successful result processing
2020-05-25 01:55:25.200,Detected image label: Dog 	 with confidence: 0.9912651
2020-05-25 01:55:25.200,Detected image label: Pet 	 with confidence: 0.96211964
2020-05-25 01:55:25.201,Detected image label: Boxer 	 with confidence: 0.5538169
2020-05-25 01:55:25.201,End successful result processing
2020-05-25 01:55:25.321,FirebaseVisionImageLabeler - processImage()
2020-05-25 01:55:25.362,Begin successful result processing
2020-05-25 01:55:25.362,Detected image label: Dog 	 with confidence: 0.9912651
2020-05-25 01:55:25.362,Detected image label: Pet 	 with confidence: 0.96211964
2020-05-25 01:55:25.362,Detected image label: Boxer 	 with confidence: 0.5538169
2020-05-25 01:55:25.362,End successful result processing
2020-05-25 01:55:25.482,FirebaseVisionImageLabeler - processImage()
2020-05-25 01:55:25.530,Begin successful result processing
2020-05-25 01:55:25.530,Detected image label: Dog 	 with confidence: 0.9912651
2020-05-25 01:55:25.530,Detected image label: Pet 	 with confidence: 0.96211964
2020-05-25 01:55:25.531,Detected image label: Boxer 	 with confidence: 0.5538169
2020-05-25 01:55:25.531,End successful result processing
2020-05-25 01:55:25.691,FirebaseVisionImageLabeler - processImage()
2020-05-25 01:55:25.736,Begin successful result processing
2020-05-25 01:55:25.736,Detected image label: Dog 	 with confidence: 0.9912651
2020-05-25 01:55:25.736,Detected image label: Pet 	 with confidence: 0.96211964
2020-05-25 01:55:25.736,Detected image label: Boxer 	 with confidence: 0.5538169
2020-05-25 01:55:25.736,End successful result processing
2020-05-25 01:55:25.879,FirebaseVisionImageLabeler - processImage()
2020-05-25 01:55:25.920,Begin successful result processing
2020-05-25 01:55:25.920,Detected image label: Dog 	 with confidence: 0.9912651
2020-05-25 01:55:25.920,Detected image label: Pet 	 with confidence: 0.96211964
2020-05-25 01:55:25.920,Detected image label: Boxer 	 with confidence: 0.5538169
2020-05-25 01:55:25.920,End successful result processing
2020-05-25 01:55:26.033,FirebaseVisionImageLabeler - processImage()
2020-05-25 01:55:26.079,Begin successful result processing
2020-05-25 01:55:26.079,Detected image label: Dog 	 with confidence: 0.9912651
2020-05-25 01:55:26.079,Detected image label: Pet 	 with confidence: 0.96211964
2020-05-25 01:55:26.079,Detected image label: Boxer 	 with confidence: 0.5538169
2020-05-25 01:55:26.079,End successful result processing
2020-05-25 01:55:26.193,FirebaseVisionImageLabeler - processImage()
2020-05-25 01:55:26.242,Begin successful result processing
2020-05-25 01:55:26.242,Detected image label: Dog 	 with confidence: 0.9912651
2020-05-25 01:55:26.242,Detected image label: Pet 	 with confidence: 0.96211964
2020-05-25 01:55:26.242,Detected image label: Boxer 	 with confidence: 0.5538169
2020-05-25 01:55:26.242,End successful result processing
2020-05-25 01:55:26.359,FirebaseVisionImageLabeler - processImage()
2020-05-25 01:55:26.400,Begin successful result processing
2020-05-25 01:55:26.400,Detected image label: Dog 	 with confidence: 0.9912651
2020-05-25 01:55:26.400,Detected image label: Pet 	 with confidence: 0.96211964
2020-05-25 01:55:26.400,Detected image label: Boxer 	 with confidence: 0.5538169
2020-05-25 01:55:26.400,End successful result processing
2020-05-25 01:55:26.518,FirebaseVisionImageLabeler - processImage()
2020-05-25 01:55:26.561,Begin successful result processing
2020-05-25 01:55:26.561,Detected image label: Dog 	 with confidence: 0.9912651
2020-05-25 01:55:26.562,Detected image label: Pet 	 with confidence: 0.96211964
2020-05-25 01:55:26.562,Detected image label: Boxer 	 with confidence: 0.5538169
2020-05-25 01:55:26.562,End successful result processing
2020-05-25 01:55:26.694,FirebaseVisionImageLabeler - processImage()
2020-05-25 01:55:26.736,Begin successful result processing
2020-05-25 01:55:26.736,Detected image label: Dog 	 with confidence: 0.9912651
2020-05-25 01:55:26.736,Detected image label: Pet 	 with confidence: 0.96211964
2020-05-25 01:55:26.736,Detected image label: Boxer 	 with confidence: 0.5538169
2020-05-25 01:55:26.736,End successful result processing
2020-05-25 01:55:26.846,FirebaseVisionImageLabeler - processImage()
2020-05-25 01:55:26.887,Begin successful result processing
2020-05-25 01:55:26.888,Detected image label: Dog 	 with confidence: 0.9912651
2020-05-25 01:55:26.888,Detected image label: Pet 	 with confidence: 0.96211964
2020-05-25 01:55:26.888,Detected image label: Boxer 	 with confidence: 0.5538169
2020-05-25 01:55:26.888,End successful result processing
2020-05-25 01:55:27.000,FirebaseVisionImageLabeler - processImage()
2020-05-25 01:55:27.041,Begin successful result processing
2020-05-25 01:55:27.041,Detected image label: Dog 	 with confidence: 0.9912651
2020-05-25 01:55:27.041,Detected image label: Pet 	 with confidence: 0.96211964
2020-05-25 01:55:27.041,Detected image label: Boxer 	 with confidence: 0.5538169
2020-05-25 01:55:27.041,End successful result processing
2020-05-25 01:55:27.216,FirebaseVisionImageLabeler - processImage()
2020-05-25 01:55:27.257,Begin successful result processing
2020-05-25 01:55:27.257,Detected image label: Dog 	 with confidence: 0.9912651
2020-05-25 01:55:27.258,Detected image label: Pet 	 with confidence: 0.96211964
2020-05-25 01:55:27.258,Detected image label: Boxer 	 with confidence: 0.5538169
2020-05-25 01:55:27.258,End successful result processing
2020-05-25 01:55:27.415,FirebaseVisionImageLabeler - processImage()
2020-05-25 01:55:27.459,Begin successful result processing
2020-05-25 01:55:27.459,Detected image label: Dog 	 with confidence: 0.9912651
2020-05-25 01:55:27.459,Detected image label: Pet 	 with confidence: 0.96211964
2020-05-25 01:55:27.459,Detected image label: Boxer 	 with confidence: 0.5538169
2020-05-25 01:55:27.459,End successful result processing
2020-05-25 01:55:27.616,FirebaseVisionImageLabeler - processImage()
2020-05-25 01:55:27.663,Begin successful result processing
2020-05-25 01:55:27.663,Detected image label: Dog 	 with confidence: 0.9912651
2020-05-25 01:55:27.663,Detected image label: Pet 	 with confidence: 0.96211964
2020-05-25 01:55:27.663,Detected image label: Boxer 	 with confidence: 0.5538169
2020-05-25 01:55:27.664,End successful result processing
2020-05-25 01:55:27.803,FirebaseVisionImageLabeler - processImage()
2020-05-25 01:55:27.842,Begin successful result processing
2020-05-25 01:55:27.842,Detected image label: Dog 	 with confidence: 0.9912651
2020-05-25 01:55:27.843,Detected image label: Pet 	 with confidence: 0.96211964
2020-05-25 01:55:27.843,Detected image label: Boxer 	 with confidence: 0.5538169
2020-05-25 01:55:27.843,End successful result processing
2020-05-25 01:55:27.957,FirebaseVisionImageLabeler - processImage()
2020-05-25 01:55:28.000,Begin successful result processing
2020-05-25 01:55:28.000,Detected image label: Dog 	 with confidence: 0.9912651
2020-05-25 01:55:28.000,Detected image label: Pet 	 with confidence: 0.96211964
2020-05-25 01:55:28.000,Detected image label: Boxer 	 with confidence: 0.5538169
2020-05-25 01:55:28.000,End successful result processing
2020-05-25 01:55:28.112,FirebaseVisionImageLabeler - processImage()
2020-05-25 01:55:28.153,Begin successful result processing
2020-05-25 01:55:28.153,Detected image label: Dog 	 with confidence: 0.9912651
2020-05-25 01:55:28.153,Detected image label: Pet 	 with confidence: 0.96211964
2020-05-25 01:55:28.153,Detected image label: Boxer 	 with confidence: 0.5538169
2020-05-25 01:55:28.154,End successful result processing
2020-05-25 01:55:28.271,FirebaseVisionImageLabeler - processImage()
2020-05-25 01:55:28.315,Begin successful result processing
2020-05-25 01:55:28.315,Detected image label: Dog 	 with confidence: 0.9912651
2020-05-25 01:55:28.315,Detected image label: Pet 	 with confidence: 0.96211964
2020-05-25 01:55:28.315,Detected image label: Boxer 	 with confidence: 0.5538169
2020-05-25 01:55:28.315,End successful result processing
2020-05-25 01:55:28.426,FirebaseVisionImageLabeler - processImage()
2020-05-25 01:55:28.466,Begin successful result processing
2020-05-25 01:55:28.466,Detected image label: Dog 	 with confidence: 0.9912651
2020-05-25 01:55:28.466,Detected image label: Pet 	 with confidence: 0.96211964
2020-05-25 01:55:28.466,Detected image label: Boxer 	 with confidence: 0.5538169
2020-05-25 01:55:28.466,End successful result processing
2020-05-25 01:55:28.606,FirebaseVisionImageLabeler - processImage()
2020-05-25 01:55:28.647,Begin successful result processing
2020-05-25 01:55:28.647,Detected image label: Dog 	 with confidence: 0.9912651
2020-05-25 01:55:28.647,Detected image label: Pet 	 with confidence: 0.96211964
2020-05-25 01:55:28.647,Detected image label: Boxer 	 with confidence: 0.5538169
2020-05-25 01:55:28.647,End successful result processing
2020-05-25 01:55:28.760,FirebaseVisionImageLabeler - processImage()
2020-05-25 01:55:28.800,Begin successful result processing
2020-05-25 01:55:28.800,Detected image label: Dog 	 with confidence: 0.9912651
2020-05-25 01:55:28.800,Detected image label: Pet 	 with confidence: 0.96211964
2020-05-25 01:55:28.800,Detected image label: Boxer 	 with confidence: 0.5538169
2020-05-25 01:55:28.800,End successful result processing
2020-05-25 01:55:28.939,FirebaseVisionImageLabeler - processImage()
2020-05-25 01:55:28.978,Begin successful result processing
2020-05-25 01:55:28.978,Detected image label: Dog 	 with confidence: 0.9912651
2020-05-25 01:55:28.978,Detected image label: Pet 	 with confidence: 0.96211964
2020-05-25 01:55:28.978,Detected image label: Boxer 	 with confidence: 0.5538169
2020-05-25 01:55:28.979,End successful result processing
2020-05-25 01:55:29.092,FirebaseVisionImageLabeler - processImage()
2020-05-25 01:55:29.134,Begin successful result processing
2020-05-25 01:55:29.134,Detected image label: Dog 	 with confidence: 0.9912651
2020-05-25 01:55:29.134,Detected image label: Pet 	 with confidence: 0.96211964
2020-05-25 01:55:29.134,Detected image label: Boxer 	 with confidence: 0.5538169
2020-05-25 01:55:29.134,End successful result processing
2020-05-25 01:55:29.253,FirebaseVisionImageLabeler - processImage()
2020-05-25 01:55:29.302,Begin successful result processing
2020-05-25 01:55:29.302,Detected image label: Dog 	 with confidence: 0.9912651
2020-05-25 01:55:29.302,Detected image label: Pet 	 with confidence: 0.96211964
2020-05-25 01:55:29.302,Detected image label: Boxer 	 with confidence: 0.5538169
2020-05-25 01:55:29.302,End successful result processing
2020-05-25 01:55:29.415,FirebaseVisionImageLabeler - processImage()
2020-05-25 01:55:29.460,Begin successful result processing
2020-05-25 01:55:29.460,Detected image label: Dog 	 with confidence: 0.9912651
2020-05-25 01:55:29.460,Detected image label: Pet 	 with confidence: 0.96211964
2020-05-25 01:55:29.460,Detected image label: Boxer 	 with confidence: 0.5538169
2020-05-25 01:55:29.460,End successful result processing
2020-05-25 01:55:29.573,FirebaseVisionImageLabeler - processImage()
2020-05-25 01:55:29.613,Begin successful result processing
2020-05-25 01:55:29.613,Detected image label: Dog 	 with confidence: 0.9912651
2020-05-25 01:55:29.613,Detected image label: Pet 	 with confidence: 0.96211964
2020-05-25 01:55:29.613,Detected image label: Boxer 	 with confidence: 0.5538169
2020-05-25 01:55:29.613,End successful result processing
2020-05-25 01:55:29.733,FirebaseVisionImageLabeler - processImage()
2020-05-25 01:55:29.780,Begin successful result processing
2020-05-25 01:55:29.780,Detected image label: Dog 	 with confidence: 0.9912651
2020-05-25 01:55:29.780,Detected image label: Pet 	 with confidence: 0.96211964
2020-05-25 01:55:29.780,Detected image label: Boxer 	 with confidence: 0.5538169
2020-05-25 01:55:29.781,End successful result processing
2020-05-25 01:55:29.931,FirebaseVisionImageLabeler - processImage()
2020-05-25 01:55:29.975,Begin successful result processing
2020-05-25 01:55:29.975,Detected image label: Dog 	 with confidence: 0.9912651
2020-05-25 01:55:29.975,Detected image label: Pet 	 with confidence: 0.96211964
2020-05-25 01:55:29.975,Detected image label: Boxer 	 with confidence: 0.5538169
2020-05-25 01:55:29.975,End successful result processing
2020-05-25 01:55:30.087,FirebaseVisionImageLabeler - processImage()
2020-05-25 01:55:30.127,Begin successful result processing
2020-05-25 01:55:30.127,Detected image label: Dog 	 with confidence: 0.9912651
2020-05-25 01:55:30.127,Detected image label: Pet 	 with confidence: 0.96211964
2020-05-25 01:55:30.127,Detected image label: Boxer 	 with confidence: 0.5538169
2020-05-25 01:55:30.128,End successful result processing
2020-05-25 01:55:30.244,FirebaseVisionImageLabeler - processImage()
2020-05-25 01:55:30.283,Begin successful result processing
2020-05-25 01:55:30.283,Detected image label: Dog 	 with confidence: 0.9912651
2020-05-25 01:55:30.283,Detected image label: Pet 	 with confidence: 0.96211964
2020-05-25 01:55:30.283,Detected image label: Boxer 	 with confidence: 0.5538169
2020-05-25 01:55:30.284,End successful result processing
2020-05-25 01:55:30.398,FirebaseVisionImageLabeler - processImage()
2020-05-25 01:55:30.437,Begin successful result processing
2020-05-25 01:55:30.437,Detected image label: Dog 	 with confidence: 0.9912651
2020-05-25 01:55:30.437,Detected image label: Pet 	 with confidence: 0.96211964
2020-05-25 01:55:30.437,Detected image label: Boxer 	 with confidence: 0.5538169
2020-05-25 01:55:30.437,End successful result processing
2020-05-25 01:55:30.553,FirebaseVisionImageLabeler - processImage()
2020-05-25 01:55:30.597,Begin successful result processing
2020-05-25 01:55:30.597,Detected image label: Dog 	 with confidence: 0.9912651
2020-05-25 01:55:30.597,Detected image label: Pet 	 with confidence: 0.96211964
2020-05-25 01:55:30.597,Detected image label: Boxer 	 with confidence: 0.5538169
2020-05-25 01:55:30.597,End successful result processing
2020-05-25 01:55:30.739,FirebaseVisionImageLabeler - processImage()
2020-05-25 01:55:30.778,Begin successful result processing
2020-05-25 01:55:30.778,Detected image label: Dog 	 with confidence: 0.9912651
2020-05-25 01:55:30.779,Detected image label: Pet 	 with confidence: 0.96211964
2020-05-25 01:55:30.779,Detected image label: Boxer 	 with confidence: 0.5538169
2020-05-25 01:55:30.779,End successful result processing
2020-05-25 01:55:30.891,FirebaseVisionImageLabeler - processImage()
2020-05-25 01:55:30.935,Begin successful result processing
2020-05-25 01:55:30.935,Detected image label: Dog 	 with confidence: 0.9912651
2020-05-25 01:55:30.935,Detected image label: Pet 	 with confidence: 0.96211964
2020-05-25 01:55:30.935,Detected image label: Boxer 	 with confidence: 0.5538169
2020-05-25 01:55:30.935,End successful result processing
2020-05-25 01:55:31.047,FirebaseVisionImageLabeler - processImage()
2020-05-25 01:55:31.087,Begin successful result processing
2020-05-25 01:55:31.087,Detected image label: Dog 	 with confidence: 0.9912651
2020-05-25 01:55:31.087,Detected image label: Pet 	 with confidence: 0.96211964
2020-05-25 01:55:31.087,Detected image label: Boxer 	 with confidence: 0.5538169
2020-05-25 01:55:31.087,End successful result processing
2020-05-25 01:55:31.201,FirebaseVisionImageLabeler - processImage()
2020-05-25 01:55:31.247,Begin successful result processing
2020-05-25 01:55:31.247,Detected image label: Dog 	 with confidence: 0.9912651
2020-05-25 01:55:31.247,Detected image label: Pet 	 with confidence: 0.96211964
2020-05-25 01:55:31.247,Detected image label: Boxer 	 with confidence: 0.5538169
2020-05-25 01:55:31.248,End successful result processing
2020-05-25 01:55:31.364,FirebaseVisionImageLabeler - processImage()
2020-05-25 01:55:31.403,Begin successful result processing
2020-05-25 01:55:31.403,Detected image label: Dog 	 with confidence: 0.9912651
2020-05-25 01:55:31.403,Detected image label: Pet 	 with confidence: 0.96211964
2020-05-25 01:55:31.404,Detected image label: Boxer 	 with confidence: 0.5538169
2020-05-25 01:55:31.404,End successful result processing
2020-05-25 01:55:31.578,FirebaseVisionImageLabeler - processImage()
2020-05-25 01:55:31.634,Begin successful result processing
2020-05-25 01:55:31.634,Detected image label: Dog 	 with confidence: 0.9912651
2020-05-25 01:55:31.634,Detected image label: Pet 	 with confidence: 0.96211964
2020-05-25 01:55:31.634,Detected image label: Boxer 	 with confidence: 0.5538169
2020-05-25 01:55:31.634,End successful result processing
2020-05-25 01:55:31.754,FirebaseVisionImageLabeler - processImage()
2020-05-25 01:55:31.793,Begin successful result processing
2020-05-25 01:55:31.793,Detected image label: Dog 	 with confidence: 0.9912651
2020-05-25 01:55:31.793,Detected image label: Pet 	 with confidence: 0.96211964
2020-05-25 01:55:31.793,Detected image label: Boxer 	 with confidence: 0.5538169
2020-05-25 01:55:31.793,End successful result processing
2020-05-25 01:55:31.909,FirebaseVisionImageLabeler - processImage()
2020-05-25 01:55:31.950,Begin successful result processing
2020-05-25 01:55:31.950,Detected image label: Dog 	 with confidence: 0.9912651
2020-05-25 01:55:31.950,Detected image label: Pet 	 with confidence: 0.96211964
2020-05-25 01:55:31.951,Detected image label: Boxer 	 with confidence: 0.5538169
2020-05-25 01:55:31.951,End successful result processing
2020-05-25 01:55:32.082,FirebaseVisionImageLabeler - processImage()
2020-05-25 01:55:32.126,Begin successful result processing
2020-05-25 01:55:32.126,Detected image label: Dog 	 with confidence: 0.9912651
2020-05-25 01:55:32.126,Detected image label: Pet 	 with confidence: 0.96211964
2020-05-25 01:55:32.126,Detected image label: Boxer 	 with confidence: 0.5538169
2020-05-25 01:55:32.126,End successful result processing
2020-05-25 01:55:32.256,FirebaseVisionImageLabeler - processImage()
2020-05-25 01:55:32.315,Begin successful result processing
2020-05-25 01:55:32.315,Detected image label: Dog 	 with confidence: 0.9912651
2020-05-25 01:55:32.315,Detected image label: Pet 	 with confidence: 0.96211964
2020-05-25 01:55:32.315,Detected image label: Boxer 	 with confidence: 0.5538169
2020-05-25 01:55:32.315,End successful result processing
2020-05-25 01:55:32.431,FirebaseVisionImageLabeler - processImage()
2020-05-25 01:55:32.471,Begin successful result processing
2020-05-25 01:55:32.471,Detected image label: Dog 	 with confidence: 0.9912651
2020-05-25 01:55:32.471,Detected image label: Pet 	 with confidence: 0.96211964
2020-05-25 01:55:32.471,Detected image label: Boxer 	 with confidence: 0.5538169
2020-05-25 01:55:32.471,End successful result processing
2020-05-25 01:55:32.583,FirebaseVisionImageLabeler - processImage()
2020-05-25 01:55:32.623,Begin successful result processing
2020-05-25 01:55:32.623,Detected image label: Dog 	 with confidence: 0.9912651
2020-05-25 01:55:32.623,Detected image label: Pet 	 with confidence: 0.96211964
2020-05-25 01:55:32.623,Detected image label: Boxer 	 with confidence: 0.5538169
2020-05-25 01:55:32.623,End successful result processing
2020-05-25 01:55:32.736,FirebaseVisionImageLabeler - processImage()
2020-05-25 01:55:32.780,Begin successful result processing
2020-05-25 01:55:32.780,Detected image label: Dog 	 with confidence: 0.9912651
2020-05-25 01:55:32.780,Detected image label: Pet 	 with confidence: 0.96211964
2020-05-25 01:55:32.780,Detected image label: Boxer 	 with confidence: 0.5538169
2020-05-25 01:55:32.780,End successful result processing
2020-05-25 01:55:32.929,FirebaseVisionImageLabeler - processImage()
2020-05-25 01:55:32.969,Begin successful result processing
2020-05-25 01:55:32.969,Detected image label: Dog 	 with confidence: 0.9912651
2020-05-25 01:55:32.969,Detected image label: Pet 	 with confidence: 0.96211964
2020-05-25 01:55:32.969,Detected image label: Boxer 	 with confidence: 0.5538169
2020-05-25 01:55:32.969,End successful result processing
2020-05-25 01:55:33.146,FirebaseVisionImageLabeler - processImage()
2020-05-25 01:55:33.197,Begin successful result processing
2020-05-25 01:55:33.198,Detected image label: Dog 	 with confidence: 0.9912651
2020-05-25 01:55:33.198,Detected image label: Pet 	 with confidence: 0.96455383
2020-05-25 01:55:33.198,End successful result processing
2020-05-25 01:55:33.310,FirebaseVisionImageLabeler - processImage()
2020-05-25 01:55:33.353,Begin successful result processing
2020-05-25 01:55:33.353,Detected image label: Dog 	 with confidence: 0.9912651
2020-05-25 01:55:33.353,Detected image label: Pet 	 with confidence: 0.96455383
2020-05-25 01:55:33.354,End successful result processing
2020-05-25 01:55:33.533,FirebaseVisionImageLabeler - processImage()
2020-05-25 01:55:33.639,Begin successful result processing
2020-05-25 01:55:33.639,Detected image label: Dog 	 with confidence: 0.9912651
2020-05-25 01:55:33.640,Detected image label: Pet 	 with confidence: 0.96455383
2020-05-25 01:55:33.640,End successful result processing
2020-05-25 01:55:33.767,FirebaseVisionImageLabeler - processImage()
