Timestamp,Result Title,Result Confidence
20201230_064628,noisegroup_wilki.mp4 00:00 0300
20201230_064629,T
20201230_064649,*
20201230_064654,T
20201230_064655,T
20201230_064656,T
20201230_064657,T
20201230_064704,T
20201230_064716,T
20201230_064717,T
20201230_064723,e
20201230_064723,e
20201230_064724,T
20201230_064726,T
20201230_064727,e
20201230_064727,T
20201230_064747,t
20201230_064748,M
20201230_064754,T
20201230_064755,T
20201230_064755,T
20201230_064756,T
20201230_064757,T
20201230_064758,T
20201230_064816,T
20201230_064818,T
20201230_064818,T
20201230_064819,T
20201230_064820,T
20201230_064821,T AA
20201230_064822,T
20201230_064823,T AA
20201230_064823,MAS T
20201230_064829,urricane Cindy (1959) m Wikipedia, the free encyclopedia For other storms of the same name, see Hurricane Cindy (disambiguation). ricane Cindy impacted the Carolinas, the Mid-Atlantic states, New England, and the Canadi ssure area associated with a cold tront located east of northern Florida. The low developed in ed westward because of a high-pressure area positioned to its north, and further intensifed i olina, and re-curved to the northeast along the Fall Line as a tropical depression. It re-entere e Cod, while several other weather systems helped the storm maintain its intensity. Cindy tra rall structural damage from Cindy was minimal. One driver was killed in Georgetown, South land. Many areas experienced heavy rains, and several thousand people evacuated. Other t it, of which two caused minor damage in North Carolina. The heaviest rainfall occurred in nd mal along the coast. As drought-like conditions were present in the Carolinas at the time, the lone produced heavy rains and strong winds that sunk one ship. Damage caused by Cindyw Contents hide) Meteorological history Preparations and impact 2.1 South Carolina 2.2 Elsewhere ales
20201230_064830,urricane Cindy (1959) m Wikipedia, the free encyclopedia For other storms of the same name, see Hurricane Cindy (disambiguation). ricane Cindy impacted the Carolinas, the Mid-Atlantic states, New England, and the Canadi ssure area associated with a cold tront located east of northern Florida. The low developed in ed westward because of a high-pressure area positioned to its north, and further intensified i olina, and re-curved to the northeast along the Fall Line as a tropical depression. It re-entere e Cod, while several other weather systems helped the storm maintain its intensity. Cindytra rall structural damage from Cindy was minimal. One driver was killed in Georgetown, South land. Many areas experienced heavy rains, and several thousand people evacuated. Other t it, of which two caused minor damage in North Carolina. The heaviest rainfall occurred in nd mal along the coast. As drought-like conditions were present in the Carolinas at the time, the lone produced heavy rains and strong winds that sunk one ship. Damage caused by Cindy w Contents hide) Meteorclogical history Preparations and impact 2.1 South Carolina 2.2 Elsewhere San aleo
20201230_064830,urricane Cindy (1959) n Wikipedia, the free encyclopedia For other storms of the same name, see Hurricane Cindy (disambiguation). ricane Cindy impacted the Carolinas, the Mid-Atlantic states, New England, and the Canadi ssure area associated with a cold front located east of northern Florida. The low developed in ed westward because of a high-pressure area positioned to its north, and further intensified i olina, and re-curved to the northeast along the Fall Line as a tropical depression. It re-entere e Cod, while several other weather systems helped the storm maintain its intensity. Cindy tra rall structural damage from Cindy was minimal. One driver was killed in Georgetown, South land. Many areas experienced heavy rains, and several thousand people evacuated. Other t it, of which two caused minor damage in North Carolina. The heaviest rainfall occurred in no mal along the coast. As drought-like conditions were present in the Carolinas at the time, the one produced heavy rains and strong winds that sunk one ship. Damage caused by Cindy w Contents hide) Meteorological history Preparations and impact 2.1 South Carolina 2.2 Elsewhere ales
20201230_064831,urricane Cindy (1959) n Wikipedia, the free encyclopedia For other storms of the same name, see Hurricane Cindy (disambiguation). ricane Cindy impacted the Carolinas, the Mid-Atlantic states, New England, and the Canadi ssure area associated with a cold front located east of northern Florida. The low developed in ed westward because of a high-pressure area positioned to its north, and further intensified i olina, and re-curved to the northeast along the Fall Line as a tropical depression. It re-entere e Cod, while several other weather systems helped the storm maintain its intensity. Cindy tra rall structural damage from Cindy was minimal. One driver was killed in Georgetown, South land. Many areas experienced heavy rains, and several thousand people evacuated. Other t it, of which two caused minor damage in North Carolina. The heaviest rainfall occurred in nd mal along the coast. As drought-like conditions were present in the Carolinas at the time, the one produced heavy rains and strong winds that sunk one ship. Damage caused by Cindy w Contents hide) Meteorological history Preparations and impact 2.1 South Carolina 2.2 Elsewhere
20201230_064832,urricane Cindy (1959) m Wikipedia, the free encyclopedia For other storms of the same name, see Hurricane Cindy (disambiguation). ricane Cindy impacted the Carolinas, the Mid-Atlantic states, New England, and the Canadi ssure area associated with a cold tront located east of northern Florida. The low developed in ed westward because of a high-pressure area positioned to its north, and further intensifed i olina, and re-curved to the northeast along the Fall Line as a tropical depression. It re-entere e Cod, while several other weather systems helped the storm maintain its intensity. Cindy tra rall structural damage from Cindy was minimal. One driver was killed in Georgetown, South land. Many areas experienced heavy rains, and several thousand people evacuated. Other t it, of which two caused minor damage in North Carolina. The heaviest rainfall occurred in nd mal along the coast. As drought-like conditions were present in the Carolinas at the time, the lone produced heavy rains and strong winds that sunk one ship. Damage caused by Cindyw Contents hide) Meteorclogical history Preparations and impact 2.1 South Carolina 2.2 Elsewhere
20201230_064833,urricane Cindy (1959) m Wikipedia, the free encyclopedia For other storms of the same name, see Hurricane Cindy (disambiguation). ricane Cindy impacted the Carolinas, the Mid-Atlantic states, New England, and the Canadi ssure area associated with a cold tront located east of northern Florida. The low developed in ed westward because of a high-pressure area positioned to its north, and further intensifed i olina, and re-curved to the northeast along the Fall Line as a tropical depression. It re-entere e Cod, while several other weather systems helped the storm maintain its intensity. Cindy tra rall structural damage from Cindy was minimal. One driver was killed in Georgetown, South land. Many areas experienced heavy rains, and several thousand people evacuated. Other t it, of which two caused minor damage in North Carolina. The heaviest rainfall occurred in nd mal along the coast. As drought-like conditions were present in the Carolinas at the time, the lone produced heavy rains and strong winds that sunk one ship. Damage caused by Cindy w Contents hide) Meteorological history Preparations and impact 2.1 South Carolina 2.2 Elsewhere
20201230_064833,ingston, California m Wikipedia, the free encyclopedia For the former town in Fresno County see Kingston, Fresno County, California. gston is a former town that is no longer in existence. Originally in Fresno County, until 1909 south bank of the Kings River 8.5 miles (13.7 km) northwest of Hanftord at Whitmore's Ferry .Whitmore established the ferry in 1854.11 It was founded in 1856 by Lucious A. Whitmore v anish road called El Camino Viejo à Los Angeles (The Old Road to Los Angeles) crossed the ckton and Visalia after 1858. A post office operated at Kingston from 1859 to 1862, and from gston. The first school in the area was probably the one established as early as 1860 in King er H. Bliss operated the Kingston ferry after Whitmore, beginning in 1859. Bliss built a tempo ge and built a permanent bridge that year. December 26, 1873, Tiburcio Vásquez and his bandit gang made a bold raid, robbing theen by the 1890s Kingston was abandoned. Oliver Bliss' livery stable was the last remaining bui site of the town is now a California Historical Landmark (#270), which can be found in Kings eferences (edit) 1. Aabe Durham, David L (1998). California's Geographic Names: A Gareteer of Historic and Mov 2. Durham, California's Geographic Names, p. 1060
20201230_064834,ingston, California m Wikipedia, the free encyclopedia For the former town in Fresno County, see Kingston, Fresno County, California. gston is a former town that is no longer in existence. Originally in Fresno County, until 1909 south bank of the Kings River 8.5 miles (13.7 km) northwest of Hanford at Whitmore's Ferry . Whitmore established the ferry in 1854.!11 t was founded in 1856 by Lucious A. Whitmore v anish road called El Camino Viejo á Los Angeles (The Old Road to Los Angeles) crossed the ckton and Visalia after 1858. A post office operated at Kingston from 1859 to 1862, and from gston. The first school in the area was probably the one established as early as 1860 in King er H. Bliss operated the Kingston ferry after Whitmore, beginning in 1859. Bliss built a tempo ge and built a permanent bridge that year. December 26, 1873, Tiburcio Vásquez and his bandit gang made a bold raid, robbing the ent by the 1890s Kingston was abandoned. Oliver Bliss' livery stable was the last remaining bui site of the town is now a California Historical Landmark (#270), which can be found in Kings eferences [edit 1. Aabe Durham, David L (1998). California's Geographic Names: A Garetteer of Historic and Mov 2. Durham. California's Geographic Names, p.1060
20201230_064835,ingston, California m Wikipedia, the free encyclopedia For the former town in Fresno County, see Kingston, Fresno County, California. gston is a former town that is no longer in existence. Originally in Fresno County, until 1909 south bank of the Kings River 8.5 miles (13.7 km) northwest of Hanford at Whitmore's Ferry . Whitmore established the ferry in 185411 It was founded in 1856 by Lucious A. Whitmore v anish road called El Camino Viejo à Los Angeles (The Old Road to Los Angeles) crossed the ckton and Visalia after 1858. A post office operated at Kingston from 1859 to 1862, and from gston. The first school in the area was probably the one established as early as 1860 in King er H. Bliss operated the Kingston ferry ater Whitmore, beginning in 1859. Bliss built a tempc ge and built a permanent bridge that year. December 26, 1873, Tiburcio Vásquez and his bandit gang made a bold raid, robbing the ent by the 1890s Kingston was abandoned. Oliver Bliss' livery stable was the last remaining bui site of the town is now a California Historical Landmark (#270), which can be found in Kings eferences edit 1. Aabe Durham, David L (1998). Califlornia's Geographic Names: A Garetteer of Historic and Mov 2. Durham, California's Geographic Names, p.1060
20201230_064835,ingston, California m Wikipedia, the free encyclopedia For the former town in Fresno County, see Kingston, Fresno County, California. gston is a former town that is no longer in existence. Originally in Fresno County, until 1909 south bank of the Kings River 8.5 miles (13.7 km) northwest of Hanftord at Whitmore's Ferry Whitmore established the ferry in 1854.11 It was founded in 1856 by Lucious A. Whitmore v anish road called El Camino Viejo á Los Angeles (The Old Road to Los Angeles) crossed the ckton and Visalia after 1858. A post office operated at Kingston from 1859 to 1862, and from gston. The first school in the area was probably the one established as early as 1860 in King er H. Bliss operated the Kingston ferry ater Whitmore, beginning in 1859. Bliss built a tempo ge and built a permanent bridge that year. December 26, 1873, Tiburcio Vásquez and his bandit gang made a bold raid, robbing theen by the 1890s Kingston was abandoned. Oliver Bliss' livery stable was the last remaining bui site of the town is now a California Historical Landmark (#270), which can be found in Kings eferences (edit) 1. Aabe Durham, David L (1998). California's Geographic Names: A Gazeteer of Historic and Mov 2 ADurham, California's Geographic Names, p.1060
20201230_064836,ingston, California m Wikipedia, the free encyclopedia For the former town in Fresno County, see Kingston, Fresno County, California. gston is a former town that is no longer in existence. Originally in Fresno County, until 1909 south bank of the Kings River 8.5 miles (13.7 km) northwest of Hanford at Whitmore's Ferry .Whitmore established the ferry in 1854.11 It was founded in 1856 by Lucious A. Whitmore v anish road called El Camino Viejo à Los Angeles (The Old Road to Los Angeles) crossed the ckton and Visalia after 1858. A post office operated at Kingston from 1859 to 1862, and from gston. The first school in the area was probably the one established as early as 1860 in King er H. Bliss operated the Kingston ferry after Whitmore, beginning in 1859. Bliss built a tempo ge and built a permanent bridge that year. December 26, 1873, Tiburcio Vásquez and his bandit gang made a bold raid, robbing the en by the 1890s Kingston was abandoned. Oliver Bliss' livery stable was the last remaining bui site of the town is now a California Historical Landmark (#270), which can be found in Kings eferences [edit 1. Aabe Durham, David L (1998). Calilornia's Geographic Names: A Gazeteer of Historic and Mov 2. Durharm. California's Geographic Names, p.1060
20201230_064837,ingston, California m Wikipedia, the free encyclopedia For the former town in Fresno County, see Kingston, Fresno County, California. gston is a former town that is no longer in existence. Originally in Fresno County, until 1909 south bank of the Kings River 8.5 miles (13.7 km) northwest of Hanford at Whitmore's Fery .Whitmore established the ferry in 1854.I11 It was founded in 1856 by Lucious A. Whitmore v nish road called El Camino Viejo á Los Angeles (The Old Road to Los Angeles) crossed the ckton and Visalia after 1858. A post office operated at Kingston from 1859 to 1862, and from gston. The first school in the area was probably the one established as early as 1860 in King er H. Bliss operated the Kingston ferry after Whitmore, beginning in 1859. Bliss built a tempo ge and built a permanent bridge that year. December 26, 1873, Tiburcio Vásquez and his bandit gang made a bold raid, robbing the en by the 1890s Kingston was abandoned. Oliver Bliss' livery stable was the last remaining bui site of the town is now a California Historical Landmark (#270), which can be found in Kings eferences (edit) 1. Aabe Durham, David L (1998). Calilornia's Geographic Names: A Gazeteer of Historic and Mov 2 Durham, California's Geographic Names, p. 1060
20201230_064838,ingston, California m Wikipedia, the free encyclopedia For the former town in Fresno County see Kingston, Fresno County, California. gston is a former town that is no longer in existence. Originally in Fresno County, until 1909 south bank of the Kings River 8.5 miles (13.7 km) northwest of Hanftord at Whitmore's Ferry .Whitmore established the ferry in 1854.11 It was founded in 1856 by Lucious A. Whitmore v anish road called El Camino Viejo á Los Angeles (The Old Road to Los Angeles) crossed the ckton and Visalia after 1858. A post office operated at Kingston from 1859 to 1862, and from gston. The first school in the area was probably the one established as early as 1860 in King er H. Bliss operated the Kingston ferry ater Whitmore, beginning in 1859. Bliss built a tempo ge and built a permanent bridge that year December 26, 1873, Tiburcio Vásquez and his bandit gang made a bold raid, robbing the en by the 1890s Kingston was abandoned. Oliver Bliss' livery stable was the last remaining bui site of the town is now a California Historical Landmark (#270), which can be found in Kings ferences edit 1. Aabe Durham, David L (1998). California's Geographic Names: A Gareteer of Historic and Mov 2. A Durham, California's Geographic Names, p.1060
20201230_064838,ata Privacy Day m Wikipedia, the free encyclopedia a Privacy Day (known in Europe as Data Protection Day) '1 is an international event that occ 28 January.2 The purpose of Data Privacy Day is to raise awareness and promote privacy an ection best practices. It is currently observed in the United States, Canada, Israel and 47 E ntries. a Privacy Day's educational initiative originally focused on raising awareness among busines rs about the importance of protecting the privacy of their personal information online, particul text of social networking. The educational focus has expanded over the years to include fami businesses. In addition to its educational initiative, Data Privacy Day promotes events and a ulate the development of technology tools that promote individual control over personally ide regulations; and create dialogues among stakeholders interested in advancing data protectik ortunities for collaboration among governments, industry, academia, nonprofits, privacy profe Convention for the Protection of Individuals with regard to Automatic Processing of Persona January 1981. This convention is currently in the process of being updated in order to reflect Convention on Cybercrime is also protecting the integrity of data systems and thus of privac tected by Article 8 of the European Convention on Human Rights. day was initiated by the Council of Europe to be first held in 2007 as the European Data Pro tes House of FRepresentatives passed House Resolution HR 31 by a vote of 402-0, declaring
20201230_064839,ata Privacy Day m Wikipedia, the free encyclopedia a Privacy Day (known in Europe as Data Protection Day 'l is an international event that occ 28 January.2 The purpose of Data Privacy Day is to raise awareness and promote privacy an ection best practices. It is currently observed in the United States, Canada, Israel and 47 6 ntries. a Privacy Day's educational initiative originally focused on raising awareness among busines rs about the importance of protecting the privacy of their personal information online, particul text of social networking. The educational focus has expanded over the years to include fami businesses. In addition to its educational initiative Data Privacy Day promotes events and a ulate the development of technology tools that promote individual control over personally ide regulations; and create dialogues among stakeholders interested in advancing data protectik ortunities for collaboration among governments, industry, academia, nonprofits, privacy prote Convention for the Protection of Individuals with regard to Automatic Processing of Persona January 1981. This convention is currently in the process of being updated in order to reflect Convention on Cybercrime is also protecting the integrity of data systems and thus of privac tected by Article 8 of the European Convention on Human Rights. day was initiated by the Council of Europe to be first held in 2007 as the European Data Pro tes House of Representatives passed House Resolution HR 31 by a vote of 402-0, declaring
20201230_064840,ata Privacy Day m Wikipedia, the free encyclopedia a Privacy Day (known in Europe as Data Protection Day) '1 is an international event that occ 28 January.2 The purpose of Data Privacy Day is to raise awareness and promote privacy an ection best practices. It is currently observed in the United States, Canada, Israel and 47 E ntries. a Privacy Day's educational initiative originally focused on raising awareness among busines rs about the importance of protecting the privacy of their personal information online, particul text of social networking. The educational focus has expanded over the years to include fami businesses. In addition to its educational initiative, Data Privacy Day promotes events and a ulate the development of technology tools that promote individual control over personally ide regulations; and create dialogues among stakeholders interested in advancing data protectik ortunities for collaboration among governments, industry, academia, nonprofits, privacy profte Convention for the Protection of Individuals with regard to Automatic Processing of Persona January 1981. This convention is currently in the process of being updated in order to reflect Convention on Cybercrime is also protecting the integrity of data systems and thus of privac tected by Article 8 of the European Convention on Human Rights. day was initiated by the Council of Europe to be first held in 2007 as the European Data Pro tes House of Representatives passed House Resolution HR 31 by a vote of 402-0, declaring
20201230_064841,ata Privacy Day m Wikipedia, the free encyclopedia a Privacy Day (known in Europe as Data Protection Day) 11 is an international event that occ 28 January.2 The purpose of Data Privacy Day is to raise awareness and promote privacy an ection best practices. It is currently observed in the United States, Canada, Israel and 47 5 ntries. a Privacy Day's educational initiative originally focused on raising awareness among busines rs about the importance of protecting the privacy of their personal information online, particul text of social networking. The educational focus has expanded over the years to include fami businesses. In addition to its educational initiative, Data Privacy Day promotes events and a ulate the development of technology tools that promote individual control over personally ide regulations; and create dialogues among stakeholders interested in advancing data protectie ortunities for collaboration among governments, industry, academia, nonprofits, privacy profte Convention for the Protection of Individuals with regard to Automatic Processing of Persona January 1981. This convention is currently in the process of being updated in order to reflect Convention on Cybercrime is also protecting the integrity of data systems and thus of privac tected by Article 8 of the European Convention on Human Rights. day was initiated by the Council of Europe to be first held in 2007 as the European Data Pra tes House of Representatives passed House Resolution HR 31 by a vote of 402-0, declaring
20201230_064841,ata Privacy Day m Wikipedia, the free encyclopedia a Privacy Day (known in Europe as Data Protection Day) '1 is an international event that occ 28 January2 The purpose of Data Privacy Day is to raise awareness and promote privacy an ection best practices. It is currently observed in the United States, Canada, Israel and 47 5 ntries. a Privacy Day's educational initiative originally focused on raising awareness among busines rs about the importance of protecting the privacy of their personal information online, particul text of social networking. The educational focus has expanded over the years to include fami businesses. In addition to its educational initiative, Data Privacy Day promotes events and a ulate the development of technology tools that promote individual control over personallyide regulations; and create dialogues among stakeholders interested in advancing data protectik ortunities for collaboration among governments, industry, academia, nonprofits, privacy profte Convention for the Protection of Individuals with regard to Automatic Processing of Persona January 1981. This convention is currently in the process of being updated in order to reflect Convention on Cybercrime is also protecting the integrity of data systems and thus of privac tected by Article 8 of the European Convention on Human Rights. day was initiated by the Council of Europe to be first held in 2007 as the European Data Pra tes House of Representatives passed House Resolution HR 31 by a vote of 402-0, declaring
20201230_064842,ata Privacy Day m Wikipedia, the free encyclopedia a Privacy Day (known in Europe as Data Protection Day) '1 is an international event that occ 28 January.2 The purpose of Data Privacy Day is to raise awareness and promote privacy an ection best practices. It is currently observed in the United States, Canada, Israel and 47 5 ntries. a Privacy Day's educational initiative originally focused on raising awareness among busines rs about the importance of protecting the privacy of their personal information online, particul text of social networking. The educational focus has expanded over the years to include fami businesses. In addition to its educational initiative, Data Privacy Day promotes events and a ulate the development of technology tools that promote individual control over personally ide regulations; and create dialogues among stakeholders interested in advancing data protectik ortunities for collaboration among governments, industry, academia, nonprofits, privacy profe Convention for the Protection of Individuals with regard to Automatic Processing of Persona January 1981. This convention is currently in the process of being updated in order to reflect Convention on Cybercrime is also protecting the integrity of data systems and thus of privac tected by Article 8 of the European Convention on Human Rights. day was initiated by the Council of Europe to be first held in 2007 as the European Data Pro tes House of Representatives passed House Resolution HR 31 by a vote of 402-0, declaring
20201230_064843,ata Privacy Day m Wikipedia, the free encyclopedia a Privacy Day (known in Europe as Data Protection Day) '1 is an international event that occ 28 January.2 The purpose of Data Privacy Day is to raise awareness and promote privacy an ection best practices. It is currently observed in the United States, Canada, Israel and 47 E ntries. a Privacy Day's educational initiative originally focused on raising awareness among busines rs about the importance of protecting the privacy of their personal information online, particul text of social networking. The educational focus has expanded over the years to include fami businesses. In addition to its educational initiative, Data Privacy Day promotes events and a ulate the development of technology tools that promote individual control over personally ide regulations; and create dialogues among stakeholders interested in advancing data protectik ortunities for collaboration among governments, industry, academia, nonprofits, privacy prote Convention for the Protection of Individuals with regard to Automatic Processing of Persona January 1981. This convention is currently in the process of being updated in order to reflect Convention on Cybercrime is also protecting the integrity of data systems and thus of privac tected by Article 8 of the European Convention on Human Rights. day was initiated by the Council of Europe to be first held in 2007 as the European Data Pro tes House of Representatives passed House Resolution HR 31 by a vote of 402-0, declaring
20201230_064843,wenue Berthelot n Wikipedia, the free encyclopedia nue Berthelot is a street in the 7th (Guiliotière) and 8th arrondissement (Bachut) of Lyon wh bridge Galliéni at the east to the A43 highway via the Avenue Jean Mermoz which extends it story [edit merly named Avenue des Ponts as it was drawn as an extension of the two Ponts Napoléon ed Pont Gallieni and Pont Kitchner), the street acquired its current name on 25 March 1907. 351 numbers in the avenue."l A part of the avenue Berthelot was renamed rue Paul Painle 5. In 1939, another part was renamed Avenue Jean Mermoz and rue Paul Painlevé was inco new avenue.At number 59, there was the Chálet Russe which was destroyed by bombing The present church of this avenue was inaugurated on 4 November 1961.9 =scription (edit] avenue runs along the old Ecole de Santé des Armées, now named Centre Berthelot.4l It is ber 18 and was built under the direction of Abraham Hirsch. or axis of east-west traffic of the south of the city, its automobile attendance declined sharply struction of the tram line T2. Motorists have now just two lanes (one-way east-west) along its
20201230_064844,venue Berthelot n Wikipedia, the free encyclopedia nue Berthelot is a street in the 7th (Guiliotière) and 8th arrondissement (Bachut) of Lyon wh bridge Galliéni at the east to the A43 highway via the Avenue Jean Mermoz which extends it story [edit] merly named Avenue des Ponts as it was drawn as an extension of the two Ponts Napoléon ed Pont Gallieni and Pont Kitchner), the street acquired its current name on 25 March 1907. 351 numbers in the avenue."l A part of the avenue Berthelot was renamed rue Paul Painle 5. In 1939, another part was renamed Avenue Jean Mermoz and rue Paul Painlevé was inco new avenue. At number 59, there was the Chálet Russe which was destroyed by bombing The present church of this avenue was inaugurated on 4 November 1961. =scription (edit] avenue runs along the old École de Santé des Armées, now named Centre Berthelot.i tis tber 18 and was built under the direction of Abraham Hirsch.11 or axis of east-west traffic of the south of the city, its automobile attendance declined sharply struction of the tram line T2. Motorists have now just two lanes (one-way east-west) along its
20201230_064845,wenue Berthelot n Wikipedia, the free encyclopedia nue Berthelot is a street in the 7th (Guillotière) and 8th arrondissement (Bachut) of Lyon wh bridge Galliéni at the east to the A43 highway via the Avenue Jean Mermoz which extends t story 1edit) nerly named Avenue des Ponts as it was drawn as an extension of the two Ponts Napoléon ed Pont Galliéni and Pont Kitchner), the street acquired its current name on 25 March 1907. 351 numbers in the avenue."l A part of the avenue Berthelot was renamed rue Paul Painle 5. In 1939, another part was renamed Avenue Jean Mermoz and rue Paul Painlevé was inco new avenue. 2 At number 59, there was the Chálet Russe which was destroyed by bombing 4. The present church of this avenue was inaugurated on 4 November 1961.9 scription (edit] avenue runs along the old Ecole de Santé des Armées, now named Centre Berthelot. 4 It is ber 18 and was built under the direction of Abraham Hirsch.11 or axis of east-west traffic of the south of the city, its automobile attendance declined sharply struction of the tram line T2. Motorists have now just two lanes (one-way east-west) along its
20201230_064846,wenue Berthelot n Wikipedia, the free encyclopedia nue Berthelot is a street in the 7th (Guiliotière) and 8th arrondissement (Bachut) of Lyon wh bridge Galiéni at the east to the A43 highway via the Avenue Jean Mermoz which extends it story edit) merly named Avenue des Ponts as it was drawn as an extension of the two Ponts Napoléon ed Pont Gallieni and Pont Kitchner), the street acquired its current name on 25 March 1907. 351 numbers in the avenue."l A part of the avenue Berthelot was renamed rue Paul Painle 5. In 1939, another part was renamed Avenue Jean Mermoz and rue Paul Painlevé was inco new avenue.2 At number 59, there was the Chálet Russe which was destroyed by bombing The present church of this avenue was inaugurated on 4 November 1961.9 scription (edit] avenue runs along the old Ecole de Santé des Armées, now named Centre Berthelot. 4 It is ber 18 and was built under the direction of Abraham Hirsch.11 or axis of east-west traffic of the south of the city, its automobile attendance declined sharply struction of the tram line T2. Motorists have now just two lanes (one-way east-west) along its
20201230_064846,venue Berthelot n Wikipedia, the free encyclopedia nue Berthelot is a street in the 7th (Guiliotière) and 8th arrondissement (Bachut) of Lyon wh bridge Galiéni at the east to the A43 highway via the Avenue Jean Mermoz which extends t story edit) merly named Avenue des Ponts as it was drawn as an extension of the two Ponts Napoléon ed Pont Gallieni and Pont Kitchner), the street acquired its current name on 25 March 1907. 351 numbers in the avenue."l A part of the avenue Berthelot was renamed rue Paul Painle 5. In 1939, another part was renamed Avenue Jean Mermoz and rue Paul Painlevé was inco new avenue. 2 At number 59, there was the Chálet Russe which was destroyed by bombing The present church of this avenue was inaugurated on 4 November 1961.3 =scription (edit] avenue runs along the old Ecole de Santé des Armées, now named Centre Berthelot.4 It is ber 18 and was built under the direction of Abraham Hirsch.1 or axis of east-west traffic of the south of the city, its automobile attendance declined sharply struction of the tram line T2. Motorists have now just two lanes (one-way east-west) along its
20201230_064847,venue Berthelot n Wikipedia, the free encyclopedia nue Berthelot is a street in the 7th (Guiliotière) and 8th arrondissement (Bachut) of Lyon wh bridge Galliéni at the east to the A43 highway via the Avenue Jean Mermoz which extends it story [edit) merly named Avenue des Ponts as it was drawn as an extension of the two Ponts Napoléon ed Pont Galliéni and Pont Kitchner), the street acquired its current name on 25 March 1907. 351 numbers in the avenue."l A part of the avenue Berthelot was renamed rue Paul Painle 5. In 1939, another part was renamed Avenue Jean Mermoz and rue Paul Painlevé was inco new avenue.2 At number 59, there was the Chálet Russe which was destroyed by bombing The present church of this avenue was inaugurated on 4 November 1961. scription [edit] avenue runs along the old Ecole de Santé des Armées, now named Centre Berthelot.4 It is ber 18 and was built under the direction of Abraham Hirsch.11 or axis of east-west traffic of the south of the city, its automobile attendance declined sharply struction of the tram line T2. Motorists have now just two lanes (one-way east-west) along its
20201230_064848,wenue Berthelot n Wikipedia, the tree encyclopedia nue Berthelot is a street in the 7th (Guiliotière) and 8th arrondissement (Bachut) of Lyon wh bridge Galiéni at the east to the A43 highway via the Avenue Jean Mermoz which extends it story [edit merly named Avenue des Ponts as it was drawn as an extension of the two Ponts Napoléon ed Pont Gallieni and Pont Kitchner), the street acquired its current name on 25 March 1907. e 351 numbers in the avenue. 11 A part of the avenue Berthelot was renamed rue Paul Painle 5. In 1939, another part was renamed Avenue Jean Mermoz and rue Paul Painlevé was inco new avenue.At number 59, there was the Chálet Russe which was destroyed by bombing 4. The present church of this avenue was inaugurated on 4 November 1961.9 scription (edit] avenue runs along the old Ecole de Santé des Armées, now named Centre Berthelot.4 It is ber 18 and was built under the direction of Abraham Hirsch.11 or axis of east-west traffic of the south of the city, its automobile attendance declined sharply struction of the tram line T2. Motorists have now just two lanes (one-way east-west) along its
20201230_064849,homas F. Anderson m Wikipedia, the free encyclopedia mas Foxen Anderson (February 7, 1911-August 11, 1991) was an American biophysical o eticist who developed crucial techniques for using electron microscopes.12 Anderson pione tron microscope to study viruses. His research produced insights of how viruses infect cells r reproduction and how they alter the cells they infect. lerson was elected to the National Academy of Sciences in 1964/2 Anderson was president mational Federation of Electron Microscope Societies, president of the Biophysical Society, ted States National Committee of the International Union for Pure and Applied Biophysics, ar Genetics Section of the National Academy of Sciences. ntents [hide] Life Awards References External links fe [ edit) lerson was born in 1911 in Manitowoc. Wisconsin, to Anton Qliver Andersonan electrical en
20201230_064849,homas F. Anderson m Wikipedia, the free encyclopedia mas Foxen Anderson (February 7, 1911-August 11, 1991) was an American biophysical o eticist who developed crucial techniques for using electron microscopes.12 Anderson pione tron microscope to study viruses. His research produced insights of how viruses infect cells, r reproduction and how they alter the cels they infect. lerson was elected to the National Academy of Sciences in 1964/2 Anderson was president mational Federation of Electron Microscope Societies, president of the Biophysical Society, ted States National Committee of the International Union for Pure and Applied Biophysics, ar Genetics Section of the National Academy of Sciences.I11 ntents [hide] Life Awards References External links fe [ edit] lerson was born in 1911 in Manitowoc. Wisconsin, to Anton Oliver Anderson. an electrieal ent
20201230_064850,homas F. Anderson m Wikipedia, the free encyclopedia mas Foxen Anderson (February 7, 1911-August 11, 1991) was an American biophysical o eticist who developed crucial techniques for using electron microscopes.12 Anderson pione tron microscope to study viruses. His research produced insights of how viruses infect cells, r reproduction and how they alter the cells they infect. lerson was elected to the National Academy of Sciences in 1964.2 Anderson was president mational Federation of Electron Microscope Societies, president of the Biophysical Society, ted States National Committee of the International Union for Pure and Applied Biophysics, ar Genetics Section of the National Academy of Sciences. ntents [hide Life Awards Referencess External links fe edit) lerson was born in 1911 in Manitowoc, Wisconsin, to Anton Qliver Anderson. an electrical eni
20201230_064851,homas F. Anderson m Wikipedia, the free encyclopedia mas Foxen Anderson (February 7, 1911-August 11, 1991) was an American biophysical o eticist who developed crucial techniques for using electron microscopes.12 Anderson pione tron microscope to study viruses. His research produced insights of how viruses infect cells r reproduction and how they alter the cells they infect. lerson was elected to the National Academy of Sciences in 1964.21 Anderson was president mational Federation of Electron Microscope Societies, president of the Biophysical Society, e ted States National Committee of the International Union for Pure and Applied Biophysics, an Genetics Section of the National Academy of Sciences. ntents [hide] Life Awards Referencess External links fe [edit lerson was born in 1911 in Manitowoc. Wisconsin, to Anton Qliver Anderson an electrical en
20201230_064851,homas F. Anderson m Wikipedia, the free encyclopedia mas Foxen Anderson (February 7, 1911 - August 11, 1991) was an American biophysical eticist who developed crucial techniques for using electron microscopes.12 Anderson pione tron microscope to study viruses. His research produced insights of how viruses infect cells r reproduction and how they alter the cells they infect.1 lerson was elected to the National Academy of Sciences in 19642 Anderson was president mational Federation of Electron Microscope Societies, president of the Biophysical Society, o ted States National Committee of the International Union for Pure and Applied Biophysics, an Genetics Section of the National Academy of Sciences. ntents [hide] Lite Awards References External links fe [ edit] lerson was born in 1911 in Manitowoc. Wisconsin, to Anton Oliver Anderson.an electrical en
20201230_064852,homas F. Anderson m Wikipedia, the free encyclopedia mas Foxen Anderson (February 7, 1911-August 11, 1991) was an American biophysical o eticist who developed crucial techniques for using electron microscopes.12 Anderson pione ctron microscope to study viruses. His research produced insights of how viruses infect cells r reproduction and how they alter the cells they infect. erson was elected to the National Academy of Sciences in 1964.2 Anderson was president mational Federation of Electron Microscope Societies, president of the Biophysical Society, ted States National Committee of the International Union for Pure and Applied Biophysics, ar Genetics Section of the National Academy of Sciences. ntents [hide] Life Awards References External links fe edit) lerson was born in 1911 in Manitowoc. Wisconsin, to Anton Oliver Anderson. an electrieal ent
20201230_064853,rst Presbyterian Church (Utica, New York) n Wikipedia, the free encyclopedia First Presbyterian Church is a historic church builiding in iutca, New Yoi. Tie church and y twentieth century design and archite cture.ing ieeionimieroscopes. l Anderson plone church was designed by Boston architect Raipn Adais Crams and bit 1992 The oxis year 1961 saw the joining of the Church and the Church House with the construction of anu iences in 1964 Anderson was president eroscopoSoeties, president of the Biophysical Society, o Seeds of Hope Food Paniry First Proshyierian Ghurch.meiia na a Nrd iteshietes an rtnership of New Hariiord First Methoisi,, Nee Hartiord Presbyterian, Our Saviour Lutheran church facility hosts several ministries, including: Clothes Closet - The Clothes Closet provides free, clean, serviceable clothing for those wil :00 am. The closet is open every Wednesday morning to accept donations. Community Thanksgiving Dinner - Prepared and sorved on Thanksgiving Dayees mplcte meal delivered. Dinner is served from 12:00 noon to 2:00 pm on Thanke rersal Pre-K at First Church and First Nursery Schoolof Ulica- First Pre ites of First Church. Universal Pre-K classes have in average enrolmenfofe TORY. Long before Utica was incorporated as a clty ih 1832taa nized, the oldest church In what was to become t nwnbonin 1911 in Manitowoe Wisconsin, to Anton Oliver Anderson. an electrical ent
20201230_064854,rst Presbyterian Church (Utica, New York) n Wikipedia, the free encyclopedia First Presbyterian Church is a historic church building in Utica, New York. The church and ytwentieth century design and architecture.2) church was designed by Boston architect Ralph Adams Cram and buit in 1922. The Mckins year 1961 saw the joining of the Church and the Church House with the construction of a nu church facility hosts several ministries, including Seeds of Hope Food Pantry- First Presbyterian Church maintains a well-stocked food pan rtnership of New Hartford First Methodist, New Hartford Presbyterian, Our Saviour Lutheran Clothes Closet - The Clothes Closet provides free, clean, serviceable clothing for those whs :00 am. The closet is open every Wednesday morning to accept donations. Community Thanksgiving Dinner - Prepared and served on Thanksgiving Day every year mplete meal delivered. Dinner is served from 12:00 noon to 2:00 pm on Thanksgiving Day. versal Pre-K at First Church and First Nursery School of Utica - First Presbyterian Churcd ites of First Church. Universal Pre-K classes have an average enrollment of 80 students, at TORY: Long before Utica was incorporated as a city in 1832, it was a small village known as anized, the oldest church in what was to become Utica. First Church was a sister to Whitesbo
20201230_064854,rst Presbyterian Church (Utica, New York) n Wikipedia, the free encyclopedia First Presbyterian Church is a historic church building in Utica, New York. The church and ytwentieth century design and architecture.2 church was designed by Boston architect Ralph Adams Cram and built in 1922. The Mckinn year 1961 saw the joining of the Church and the Church House with the construction of a nu church facility hosts several ministries, including: Seeds of Hope Food Pantry- First Presbyterian Church maintains a well-stocked food pan rtnership of New Hartford First Methodist, New Hartford Presbyterian, Our Saviour Lutheran Clothes Closet - The Clothes Closet provides free, clean, serviceable clothing for those whs :00 am. The closet is open every Wednesday morning to accept donations. Community Thanksgiving Dinner - Prepared and served on Thanksgiving Day every year mplete meal delivered. Dinner is served from 12:00 noon to 2:00 pm on Thanksgiving Day. versal Pre-K at First Church and First Nursery School of Utica - First Presbyterian Churcd ities of First Church. Universal Pre-K classes have an average enrollment of 80 students, at TORY: Long before Utica was incorporated as a city in 1832, it was a small village known as anized, the oldest church in what was to become Utica. First Church was a sister to Whitesbo
20201230_064855,rst Presbyterian Church (Utica, New York) n Wikipedia, the free encyclopedia First Presbyterian Church is a historic church building in Utica, New York. The church and ytwentieth century design and architecture 2 church was designed by Boston architect Ralph Adams Cram and buit in 1922. The Mckinn year 1961 saw the joining of the Church and the Church House with the construction of a nu church facility hosts several ministries, including Seeds of Hope Food Pantry- First Presbyterian Church maintains a well-stocked food pan rtnership of New Hartford First Methodist, New Hartford Presbyterian, Our Saviour Lutheran Clothes Closet - The Clothes Closet provides free, clean, serviceable clothing for those whs :00 am. The closet is open every Wednesday morning to accept donations. Community Thanksgiving Dinner - Prepared and served on Thanksgiving Day every year mplete meal delivered. Dinner is served from 12:00 noon to 2:00 pm on Thanksgiving Day. versal Pre-K at First Church and First Nursery School of Utica - First Presbyterian Churcd ities of First Church. Universal Pre-K classes have an average enrollment of 80 students, at TORY: Long before Utica was incorporated as a city in 1832, it was a small village known as anized, the oldest church in what was to become Utica. First Church was a sister to Whitesbo
20201230_064856,rst Presbyterian Church (Utica, New York) n Wikipedia, the free encyclopedia First Presbyterian Church is a historic church building in Utica, New York. The church and ytwentieth century design and architecture.2 church was designed by Boston architect Ralph Adams Cram and built in 1922. The Mckinn year 1961 saw the joining of the Church and the Church House with the construction of a nu church facility hosts several ministries, including: Seeds of Hope Food Pantry- First Presbyterian Church maintains a well-stocked food pan rtnership of New Hartford First Methodist, New Hartford Presbyterian, Our Saviour Lutheran Clothes Closet - The Clothes Closet provides free, clean, serviceable clothing for those whs :00 am. The closet is open every Wednesday morning to accept donations. Community Thanksgiving Dinner - Prepared and served on Thanksgiving Day every year mplete meal delivered. Dinner is served from 12:00 noon to 2:00 pm on Thanksgiving Day. versal Pre-K at First Church and First Nursery School of Utica - First Presbyterian Churcd ities of First Church. Universal Pre-K classes have an average enrollment of 80 students, at TORY: Long before Utica was incorporated as a city in 1832, it was a small village known as anized, the oldest church in what was to become Utica. First Church was a sister to Whitesbo
20201230_064857,rst Presbyterian Church (Utica, New York) n Wikipedia, the free encyclopedia First Presbyterian Church is a historic church building in Utica, New York. The church and ytwentieth century design and architecture.2) church was designed by Boston architect Ralph Adams Cram and built in 1922. The Mckinn year 1961 saw the joining of the Church and the Church House with the construction of a nu church facility hosts several ministries, including: Seeds of Hope Food Pantry- First Presbyterian Church maintains a well-stocked food pan rtnership of New Hartford First Methodist, New Hartford Presbyterian, Our Saviour Lutheran Clothes Closet - The Clothes Closet provides free, clean, serviceable clothing for those wh :00 am. The closet is open every Wednesday morning to accept donations. Community Thanksgiving Dinner - Prepared and served on Thanksgiving Day every year mplete meal delivered. Dinner is served from 12:00 noon to 2:00 pm on Thanksgiving Day. versal Pre-K at First Church and First Nursery School of Utica - First Presbyterian Churcd ities of First Church. Universal Pre-K classes have an average enrollment of 80 students, at TORY: Long before Utica was incorporated as a city in 1832, it was a small village known as anized, the oldest church in what was to become Utica. First Church was a sister to Whitesbo
20201230_064857,rst Presbyterian Church (Utica, New York) n Wikipedia, the free encyclopedia First Presbyterian Church is a historic church building in Utica, New York. The church and y twentieth century design and architecture,.2 church was designed by Boston architect Ralph Adams Cram and built in 1922. The Mckins year 1961 saw the joining of the Church and the Church House with the construction of a nu church facility hosts several ministries, including: Seeds of Hope Food Pantry- First Presbyterian Church maintains a well-stocked food pan rtnership of New Hartford First Methodist, New Hartford Presbyterian, Our Saviour Lutheran Clothes Closet - The Clothes Closet provides free, clean, serviceable clothing for those whe :00 am. The cioset is open every Wednesday morning to accept donations. Community Thanksgiving Dinner- Prepared and served on Thanksgiving Day every yeat mplete meal delivered. Dinner is served from 12:00 noon to 2:00 pm on Thanksgiving Day. versal Pre-K at First Church and First Nursery School of Utica - First Presbyterian Churcd ites of First Church. Universal Pre-K classes have an average enrollment of 80 students, at TORY: Long before Utica was incorporated as a city in 1832, it was a small village known as anized, the oldest church in what was to become Utica. First Church was a sister to Whitesbo
20201230_064858,ebra Dun m Wikipedia, the free encyclopedia For horse coat color, see dun gene. bra Dun" is a traditional American cowboy song dating from at least 1890. Jack Thorp said h p at the head of the Cimarron River. When he asks to borrow a "fat saddle horse", the cowbx Now old Dunny was an outlaw, he'd grown so awful wild He could paw the moon down, he could jump a mile; Old Dunny stood right still there, like as he didnt know Till the stranger had him saddled and ready for to go. When the stranger hit the saddle, then old Dun he quit the earth, And started travelin' upwards for all that he was worth, A-yelin' and a-squealin' and a-having wall-eyed fits His front feet perpendicular, his hind feet in the bits. rp published the song under the title "Educated Feller" in 1908.21 TwO years later, John Lom bra Dun" was one of the most popular songs among the cowboys and is included in many so ferences (edit)
20201230_064859,ebra Dun m Wikipedia, the free encyclopedia For horse coat color, see dun gene. bra Dun" is a traditional American cowboy song dating from at least 1890. Jack Thorp said h p at the head of the Cimarron River. When he asks to borrow a "fat saddle horse", the cowbe Now old Dunny was an outlaw, he'd grown so awful wild He could paw the moon down, he could jump a mile; Old Dunny stood right still there, like as he didnt know Till the stranger had him saddled and ready for to go. When the stranger hit the saddle, then old Dun he quit the earth, And started travelin' upwards for all that he was worth, A-yellin' and a-squealin' and a-having wall-eyed fits His front feet perpendicular, his hind feet in the bits. rp published the song under the title "Educated Feller" in 1908.21 Two years later, John Loma bra Dun" was one of the most popular songs among the cowboys and is included in many so ferences (edit
20201230_064900,ebra Dun m Wikipedia, the free encyclopedia For horse coat color, see dun gene. bra Dun" is a traditional American cowboy song dating from at least 1890. Jack Thorp said h p at the head of the Cimarron River. When he asks to borrow a "fat saddle horse", the cowbe Now old Dunny was an outlaw, he'd grown so awful wild He could paw the moon down, he could jump a mile; Old Dunny stood right still there, like as he didnt know Till the stranger had him saddled and ready for to go. When the stranger hit the saddle, then old Dun he quit the earth, And started travelin' upwards for all that he was worth, A-yellin' and a-squealin' and a-having wall-eyed fits His front feet perpendicular, his hind feet in the bits. rp published the song under the title "Educated Feller" in 1908.121 TwO years later, John Lom bra Dun" was one of the most popular songs among the cowboys and is included in many so eferences (edit)
20201230_064900,ebra Dun m Wikipedia, the free encyclopedia For horse coat color, see dun gene. bra Dun" is a traditional American cowboy song dating from at least 1890. Jack Thorp said h p at the head of the Cimarron River. When he asks to borrow a "fat saddle horse", the cowb Now old Dunny was an outlaw, he'd grown so awful wild He could paw the moon down, he could jump a mile; Old Dunny stood right still there, like as he didnt know Till the stranger had him saddled and ready for to go. When the stranger hit the saddle, then old Dun he quit the earth, And started travelin' upwards for all that he was worth, A-yellin' and a-squealin' and a-having wall-eyed fits His front feet perpendicular, his hind feet in the bits. rp published the song under the title "Educated Feller" in 1908.2 TwO years later, John Lom bra Dun" was one of the most popular songs among the cowboys and is included in many so eferences (edit)
20201230_064901,ebra Dun m Wikipedia, the free encyclopedia For horse coat color, see dun gene. bra Dun" is a traditional American cowboy song dating from at least 1890. Jack Thorp said h p at the head of the Cimarron River. When he asks to borrow a "fat saddle horse", the cowbr Now old Dunny was an outlaw, he'd grown so awful wild He could paw the moon down, he could jump a mile; Old Dunny stood right still there, like as he didn't know Till the stranger had him saddled and ready for to go. When the stranger hit the saddle, then old Dun he quit the earth, And started travelin' upwards for all that he was worth, A-yellin' and a-squealin' and a-having wall-eyed fits His front feet perpendicular, his hind feet in the bits. p published the song under the title "Educated Feller" in 1908.121 Two years later, John Lom bra Dun" was one of the most popular songs among the cowboys and is included in many so ferences edit)
20201230_064902,ebra Dun m Wikipedia, the free encyclopedia For horse coat color, see dun gene. bra Dun" is a traditional American cowboy song dating from at least 1890. Jack Thorp said h p at the head of the Cimarron River. When he asks to borrow a "fat saddle horse", the cowbr Now old Dunny was an outlaw, he'd grown so awful wild He could paw the moon down, he could jump a mile; Old Dunny stood right still there, like as he didnt know Till the stranger had him saddled and ready for to go. When the stranger hit the saddle, then old Dun he quit the earth, And started travelin' upwards for all that he was worth, A-yellin' and a-squealin' and a-having wall-eyed fits His front feet perpendicular, his hind feet in the bits. rp published the song under the title "Educated Feller" in 1908.21 Two years later, John Loma bra Dun" was one of the most popular songs among the cowboys and is included in many so ferences edit)
20201230_064902,ebra Dun m Wikipedia, the free encyclopedia For horse coat color, see dun gene. bra Dun" is a traditional American cowboy song dating from at least 1890. Jack Thorp said h p at the head of the Cimarron River. When he asks to borrow a "fat saddle horse", the cowbx Now old Dunny was an outlaw, he'd grown so awful wild He could paw the moon down, he could jump a mile; Old Dunny stood right still there, like as he didnt know Till the stranger had him saddled and ready for to go. When the stranger hit the saddle, then old Dun he quit the earth, And started travelin' upwards for all that he was worth, A-yellin' and a-squealin' and a-having wall-eyed fits His front feet perpendicular, his hind feet in the bits. p published the song under the title "Educated Feller" in 1908.121 TwO years later, John Lom bra Dun' was one of the most popular songs among the cowboys and is included in many so ferences edit)
20201230_064903,erritorial Defense Command m Wikipedia, the free encyclopedia Territorial Defense Command (Thai: miminymnsšnnâuuau), known as the Army Res uayminäaasea) from 2001-2011 and the Territorial Defence Department (naumsi . is a department of the Royal Thai Army. It is responsible for the management of the country uding the training of Territorial Defence Students. neadquarters is located on the corner of Sanam Chai and Charoen Krung roads. Its main bui classical structure, was built in 1922, and is listed as a registered ancient monument. eferences (edit 1. A"inemioymnarnáua1s84 mnaudniy'(in Thai). Fine Arts Department. Archived from the 2016. Retrieved 1 February 2017. This Thailand-related article is a stub. You can help Wikipedia by expanding it. This Asian military article is a stub. You can help Wikipedia by expanding it. ategories: Royal Thai Army Thailand stubs Asian military stubs
20201230_064904,erritorial Defense Command m Wikipedia, the free encyclopedia Territorial Defense Command (Thai: minunymnšnenuuau), known as the Army Res uayminäaasea) from 2001-2011 and the Territorial Defence Department (nTaum . is a department of the Royal Thai Army. It is responsible for the management of the country uding the training of Territorial Defence Students. headquarters is located on the corner of Sanam Chai and Charoen Krung roads. Its main bui classical structure, was built in 1922, and is listed as a registered ancient monument. eferences (edit 1. A"inmioymnarnáud1s04 nudni'(in Thai). Fine Arts Department. Archived from the 2016. Retrieved 1 February 2017. This Thailand-rela ted article is a stub. You can help Wikipedia by expanding it This Asian military article is a stub. You can help Wikipedia by expanding it. ategories: Royal Thai Army Thailand stubs Asian military stubs
20201230_064905,erritorial Defense Command m Wikipedia, the free encyclopedia Territorial Defense Command (Thai: minunymnšnenuuau), known as the Army Res huayminäaasea) from 2001-2011 and the Territorial Defence Department (naunms . is a department of the Royal Thai Army. It is responsible for the management of the country uding the training of Territorial Defence Students. neadquarters is located on the corner of Sanam Chai and Charoen Krung roads. Its main bui classical structure, was built in 1922, and is listed as a registered ancient monument. eferences (edit) 1. A"inmioymnarnáud1s84 mnudni'(in Thai). Fine Arts Department. Archived from the 2016. Retrieved 1 February 2017. This Thailand-related article is a stub. You can help Wikipedia by expanding it. This Asian military article is a stub. You can help Wikipedia by expanding it. ategories: Royal Thai Army Thailand stubs Asian military stubs
20201230_064905,erritorial Defense Command m Wikipedia, the free encyclopedia Territorial Defense Command (Thai: minwsiymnmsšnnuunu), known as the Army Res uiayminädsea) from 2001-2011 and the Territorial Defence Department (nTams . is a department of the Royal Thai Army. It is responsible for the management of the country uding the training of Territorial Defence Students. neadquarters is located on the corner of Sanam Chai and Charoen Krung roads. Its main bui classical structure, was built in 1922, and is listed as a registered ancient monument. eferences (edit) 1. A"inenioynnarnádvs04 Rnudni'e(in Thai). Fine Arts Department. Archived from the 2016. Retrieved 1 February 2017. This Thailand-rela ted article is a stub. You can help Wikipedia by expanding it This Asian miltary article is a stub. You can help Wikipedia by expanding it. ategories: Royal Thai Army Thailand stubs Asian military stubs
20201230_064906,erritorial Defense Command m Wikipedia, the free encyclopedia Territorial Defense Command (Thai: minunymnšnenuuau), known as the Army Res uayminäadsea) from 2001-2011 and the Territorial Defence Department (naums . is a department of the Royal Thai Army. It is responsible for the management of the country uding the training of Territorial Defence Students. neadquarters is located on the corner of Sanam Chai and Charoen Krung roads. Its main bui classical structure, was built in 1922, and is listed as a registered ancient monument. eferences (edit) 1. A"inmioymnarnáa1s84 mnudn'(in Thai). Fine Arts Department. Archived from the 2016. Retrieved 1 February 2017. This Thailand-related article is a stub. You can help Wikipedia by expanding it. This Asian military article is a stub. You can help Wikipedia by expanding it. ategories: Royal Thai Army Thailand stubs Asian military stubs
20201230_064907,erritorial Defense Command m Wikipedia, the free encyclopedia Territorial Defense Command (Thai: minwiymnmsšnnuunu), known as the Army Res uiayminäasea) from 2001-2011 and the Territorial Defence Department (naumi . is a department of the Royal Thai Army. It is responsible for the management of the country uding the training of Territorial Defence Students. neadquarters is located on the corner of Sanam Chai and Charoen Krung roads. Its main bui classical structure, was built in 1922, and is listed as a registered ancient monument. eferences (edit) 1. A"inemioymnarnádvs84 nudnin'(in Thai). Fine Arts Department. Archived from the 2016. Retrieved 1 February 2017. This Thalland-rela te d article is a stub. You can help Wikipedia by expanding it This Asian miltary article is a stub. You can holp Wikipedia by expanding it. ategories: Royal Thai Army Thailand stubs Asian military stubs
20201230_064908,erritorial Defense Command m Wikipedia, the free encyclopedia Territorial Defense Command (Thai: minunymnšnenuuau), known as the Army Res haayminässsea) from 2001-2011 and the Territorial Defence Department (nTaim . is a department of the Royal Thai Army. It is responsible for the management of the country uding the training of Territorial Defence Students. neadquarters is located on the corner of Sanam Chai and Charoen Krung roads. Its main bui classical structure, was built in 1922, and is listed as a registered ancient monument. eferences (edit) 1. A "minnymmrnadnsp4: R1udhny' (in Thai). Fine Arts Department. Archived from the e 2016. Retrieved 1 February 2017. This Thailand-rela te d article is a stub. You can help Wikipedia by expanding it This Asian military article is a stub. You can help Wikipedia by expanding it. ategories: Royal Thai Army Thailand stubs Asian military stubs
20201230_064908,ermany national football B team m Wikipedia, the free encyclopedia rmany B (or Germany A2) is a secondary team of the Germany national football team, used velop players for potential inclusion in the first team. The team- which has not been active sin y against other nations' B-teams, or against full national teams, but its matches are not consi rnationals. In its last incarnation the team was named Team 2006, as a development teamf rid Cup, which was to be hosted in Germany. am 2006 [ edit] 2000, when Germany was selected to host the World Cup, the national team was in decline - eing, with littie in the way of emerging talent. After the team was knocked out in the first roune German Football Association decided to form Team 2006 a development team for young pe of producing a squad that could peform at the 2006 World Cup. The team played ten fixtu 02 and 2005, with four wins, four draws and two defeats. imately, only four players from Team 2006 were part of the World Cup squad- Tim Borowski, ce Hanke and Timo Hildebrand. Howeve, Manuel Friedrich, Alexander Madlung. Clemens Fr Bling. Simon Rolfes, Robert Enke, Patrick Helmes, Mario Gómez and Roman Weidenfeller w internationals, as did Daniel Bierofka, Marco Engelhardt, Fabian Ernst, Frank Fahrenhorst, I bias Rau, Andreas Hinkel and Kevin Kurányi, who had already been capped before their Tear
20201230_064909,ermany national football B team m Wikipedia, the free encyclopedia rmany B (or Germany A2) is a secondary team of the Germany national football team, used velop players for potential inclusion in the first team. The team - which has not been active sit y against other nations' B-teams, or against full national teams, but its matches are not consi rnationals. In its last incarnation the team was named Team 2006, as a development team f rid Cup, which was to be hosted in Germany. am 20066 [edit 2000, when Germany was selected to host the World Cup, the national team was in decline - eing, with littie in the way of emerging talent. After the team was knocked out in the first roune German Football Association decided to form Team 2006 a development team for young pe of producing a squad that could peform at the 2006 World Cup. The team played ten fixtu 02 and 2005, with four wins, four draws and two defeats. imately, only four players from Team 2006 were part of the Word Cup squad- Tim Borowski, e Hanke and Timo Hildebrand. However, Manuel Friedrich, Alexander Madiung, Clemens Fr Bling, Simon Rolfes, Robert Enke, Patrick Helmes, Mario Gómez and Roman Weidenfeller w internationals, as did Daniel Bierofka, Marco Engelhardt, Fabian Ernst, Frank Fahrenhorst, I bias Rau, Andreas Hinkel and Kevin Kurányi, who had already been capped before their Tear
20201230_064910,ermany national football B team m Wikipedia, the free encyclopedia rmany B (or Germany A2) is a secondary team of the Germany national football team, used velop players for potential inclusion in the first team. The team- which has not been active sin y against other nations' B-teams, or against full national teams, but its matches are not consi rnationals. In its last incarnation the team was named Team 2006, as a development teamf rld Cup, which was to be hosted in Germany. am 2006 [ edit] 2000, when Germany was selected to host the World Cup, the national team was in decline - eing, with littie in the way of emerging talent. After the team was knocked out in the first roune German Football Association decided to form Team 2006 a development team for young pe of producing a squad that could peform at the 2006 World Cup. The team played ten fixtu 02 and 2005, with four wins, four draws and two defeats. imately, only four players from Team 2006 were part of the World Cup squad- Tim Borowski, e Hanke and Timo Hildebrand. However, Manuel Friedrich, Alexander Madiung, Clemens Fr Bling. Simon Rolfes, Robert Enke, Patrick Helmes, Mario Gómez and Roman Weidenfeller w internationals, as did Daniel Bierofka, Marco Engelhardt, Fabian Ernst, Frank Fahrenhorst, I bias Rau, Andreas Hinkel and Kevin Kurányi, who had already been capped before their Tear
20201230_064911,ermany national football B team m Wikipedia, the free encyclopedia rmany B (or Germany A2) is a secondary team of the Germany national football team, used velop players for potential inclusion in the first team. The team- which has not been active sin y against other nations' B-teams, or against full national teams, but its matches are not consi ernationals. In its last incarnation the team was named Team 2006, as a development team f rid Cup, which was to be hosted in Germany. am 20066 [edit 2000, when Germany was selected to host the World Cup, the national team was in decline - eing, with littile in the way of emerging talent. After the team was knocked out in the first roune German Football Association decided to form Team 2006 a development team for young pe of producing a squad that could peform at the 2006 World Cup. The team played ten fixtu 02 and 2005, with four wins, four draws and two defeats. imately, only four players from Team 2006 were part of the World Cup squad- Tim Borowski, ce Hanke and Timo Hildebrand. However, Manuel Friedrich, Alexander Madiung, Clemens Fr Bling. Simon Rolfes, Robert Enke, Patrick Helmes, Mario Gómez and Roman Weidenfeller w internationals, as did Daniel Bierofka, Marco Engelhardt, Fabian Ernst, Frank Fahrenhorst, I bias Rau, Andreas Hinkel and Kevin Kurányi, who had already been capped before their Tear
20201230_064911,ermany national football B team m Wikipedia, the free encyclopedia rmany B (or Germany A2) is a secondary team of the Germany national football team, used velop players for potential inclusion in the first team. The team- which has not been active sin y against other nations' B-teams, or against full national teams, but its matches are not consi ernationals. In its last incarnation the team was named Team 2006, as a development teamf rid Cup, which was to be hosted in Germany. am 2006 [ edit] 2000, when Germany was selected to host the World Cup, the national team was in decline - eing, with littie in the way of emerging talent. After the team was knocked out in the first roune to form Team 2006 a development team for young pe of producing a squad that could peform at the 2006 World Cup. The team played ten fixtu German Football Association decider 02 and 2005, with four wins, four draws and two defeats. imately, only four players from Team 2006 were part oft the World Cup squad- Tim Borowski, ce Hanke and Timo Hildebrand. However, Manuel Friedrich, Alexander Madiung. Clemens Fr Bling. Simon Rolfes, Robert Enke, Patrick Helmes, Mario Gómez and Roman Weidenfeller w internationals, as did Daniel Bierofka, Marco Engelhardt, Fabian Ernst, Frank Fahrenhorst, I bias Rau, Andreas Hinkel and Kevin Kurányi, who had already been capped before their Tear
20201230_064912,ermany national football B team m Wikipedia, the free encyclopedia rmany B (or Germany A2) is a secondary team of the Germany national football team, used velop players for potential inclusion in the first team. The team- which has not been active sin y against other nations' B-teams, or against full national teams, but its matches are not consi ernationals. In its last incarnation the team was named Team 2006, as a development teamf rid Cup, which was to be hosted in Germany. eam 20066 [edit 2000, when Germany was selected to host the World Cup, the national team was in decline - eing, with littile in the way of emerging talent. After the team was knocked out in the first roune German Football Association decided to form Team 2006 a development team for young pe of producing a squad that could perfom at the 2006 World Cup. The team played ten fixtu 02 and 2005, with four wins, four draws and two defeats. imately, only four players from Team 2006 were part of the World Cup squad- Tim Borowski, ce Hanke and Timo Hildebrand. However, Manuel Friedrich, Alexander Madiung, Clemens Fr Bling. Simon Rolfes, Robert Enke, Patrick Helmes, Mario Gómez and Roman Weidenfeller w internationals, as did Daniel Bierofka, Marco Engelhardt, Fabian Ernst, Frank Fahrenhorst, I bias Rau, Andreas Hinkel and Kevin Kurányi, who had already been capped before their Tear
20201230_064913,ermany national football B team m Wikipedia, the free encyclopedia rmany B (or Germany A2) is a secondary team of the Germany national football team, used velop players for potential inclusion in the first team. The team - which has not been active sin y against other nations' B-teams, or against full national teams, but its matches are not consi ernationals. In its last incarnation the team was named Team 2006, as a development teamf rid Cup, which was to be hosted in Germany. eam 2006 [ edit] 2000, when Germany was selected to host the World Cup, the national team was in decline - eing, with littie in the way of emerging talent. After the team was knocked out in the first roune German Football Association decided to form Team 2006 a development team for young pe of producing a squad that could peform at the 2006 World Cup. The team played ten fixtu 02 and 2005, with four wins, four draws and two defeats. imately, only four players from Team 2006 were part of the World Cup squad- Tim Borowski, ce Hanke and Timo Hildebrand. However, Manuel Friedrich, Alexander Madiung, Clemens Fr Bling, Simon Rolfes, Robert Enke, Patrick Helmes, Mario Gómez and Roman Weidenfeller w internationals, as did Daniel Bierofka, Marco Engelhardt, Fabian Ernst, Frank Fahrenhorst, I bias Rau, Andreas Hinkel and Kevin Kurányi, who had already been capped before their Tear
20201230_064914,011 Team Sky season m Wikipedia, the free encyclopedia e 2011 season tor the Team Sky cycling team began in January at the Bay Classic Series and tober at the Noosa Grand Prix. As a UCI ProTeam, they were automatically invited and obliga ad to every event in the UCI World Tour. Improving upon 20 victories in the 2010 season, Ter naged 28 victories during the season, including tour Grand Tour stage wins, two each at the the Vuelta a España. Also at the Vuelta, the team achieved their best Grand Tour showing t ris Froome and Bradley Wiggins finishing the race in second and third places - behind Geox- se Cobo-having both held the red jersey for the general classification lead at some stage of tside of the Grand Tours, the team achieved stage victories at four other World Tour events a tory at two, with Wiggins winning the pre-Tour warmup event, the Critérium du Dauphiné and asson Hagen claimed victory at the Eneco Tour held in Belgium and the Netherlands. The tea cessful in single-day races, with three wins taken by Christopher Sutton, Boasson Hagen an yman. With the performances of Froome, Wiggins and Boasson Hagen, Team Sky made aasu the Worid Tour rankings; having finished fiteenth in the 2010 UCI Worid Ranking, Team Sky ners-up in the 2011 rankings, just 40 points behind overall winners Omega Pharma-Lotto. 13 June 2019, the sport's governing body, the Union Cycliste International (UCI), announced bo had been found guilty of an anti-doping violation, according to findings from his biological ult, the UCI penalised him with a three-year period of ineligibility. Cobo was officially stripped June 2019.2On 17 July 2019, as the time for Cobo to appeal the decision expired with no a
20201230_064914,011 Team Sky season m Wikipedia, the free encyclopedia e 2011 season for the Team Sky cycling team began in January at the Bay Classic Series and tober at the Noosa Grand Prix. As a UCI ProTeam, they were automatically invited and obliga ad to every event in the UCI World Tour. Improving upon 20 victories in the 2010 season, Te naged 28 victories during the season, including four Grand Tour stage wins, two each at the the Vuelta a España. Also at the Vuelta, the team achieved their best Grand Tour showing t ris Froome and Bradley Wiggins finishing the race in second and third places- behind Geox- se Cobo- having both held the red jersey for the general classification lead at some stage of tside of the Grand Tours, the team achieved stage victories at four other World Tour events a tory at two, with Wiggins winning the pre-Tour warmup event, the Critérium du Dauphiné and asson Hagen claimed victory at the Eneco Tour held in Belgium and the Netherlands. The tea cessful in single-day races, with three wins taken by Christopher Sutton, Boasson Hagen an yman. With the performances of Froome, Wiggins and Boasson Hagen, Team Sky made aasu the World Tour rankings; having finished fiteenth in the 2010 UCI Worid Ranking, Team Sky ners-up in the 2011 rankings, just 40 points behind overall winners Omega Pharma-Lotto. 13 June 2019, the sport's governing body, the Union Cycliste International (UCI), announced bo had been found guilty of an anti-doping violation, according to findings from his biological ult, the UCI penalised him with a three-year period of ineligibility. Cobo was officially stripped June 2019.2On 17 July 2019, as the time for Cobo to appeal the decision expired with no a
20201230_064915,011 Team Sky season m Wikipedia, the free encyclopedia e 2011 season tor the Team Sky cycling team began in January at the Bay Classic Series and tober at the Noosa Grand Prix. As a UCI ProTeam, they were automatically invited and obliga ad to every event in the UCI World Tour. Improving upon 20 victories in the 2010 season, Te naged 28 victories during the season, including four Grand Tour stage wins, two each at the the Vuelta a España. Also at the Vuelta, the team achieved their best Grand Tour showing t ris Froome and Bradley Wiggins finishing the race in second and third places- behind Geox- se Cobo- having both held the red jersey for the general classification lead at some stageof tside of the Grand Tours, the team achieved stage victories at four other World Tour events a tory at two, with Wiggins winning the pre-Tour warmup event, the Critérium du Dauphiné and asson Hagen claimed victory at the Eneco Tour held in Belgium and the Netherlands. The tea cessful in single-day races, with three wins taken by Christopher Sutton, Boasson Hagen an yman. With the performances of Froome, Wiggins and Boasson Hagen, Team Sky made asu the Worid Tour rankings; having finished fiteenth in the 2010 UCI Worid Ranking, Team Sky ners-up in the 2011 rankings, just 40 points behind overall winners Omega Pharma-Lotto. 13 June 2019, the sport's governing body, the Union Cycliste International (UCI), announced bo had been found guilty of an anti-doping violation, according to findings from his biological ult, the UCI penalised him with a three-year period of ineligibility. Cobo was officially stripped June 2019.2On 17 July 2019, as the time for Cobo to appeal the decision expired with no a
20201230_064916,011 Team Sky season m Wikipedia, the free encyclopedia 2011 season for the Team Sky cycling team began in January at the Bay Classic Series an tober at the Noosa Grand Prix. As a UCI ProTeam, they were automatically invited and obliga ad to every event in the UCI World Tour. Improving upon 20 victories in the 2010 season, Te naged 28 victories during the season, including four Grand Tour stage wins, wo each at the the Vuelta a España. Also at the Vuelta, the team achieved their best Grand Tour showing t ris Froome and Bradley Wiggins finishing the race in second and third places - behind Geax- e Cobo- having both held the red jersey tor the general classification lead at some stage of tside of the Grand Tours, the team achieved stage victories at four other World Tour events a tory at two, with Wiggins winning the pre-Tour warmup event, the Critérium du Dauphiné and asson Hagen claimed victory at the Eneco Tour held in Belgium and the Netherlands. The ted cesstul in single-day races, with three wins taken by Christopher Sutton, Boasson Hagen an yman. With the performances of Froome, Wiggins and Boasson Hagen, Team Sky made aast the Worid Tour rankings; having finished fifteenth in the 2010 UCI World Ranking. Team Sky ners-up in the 2011 rankings, just 40 points behind overall winners Omega Pharma-Lotto.0 13 June 2019, the sport's governing body, the Union Cycliste International (UCI), announced bo had been found guilty of an anti-doping violation, according to findings from his biological ult, the UCI penalised him with a three-year period of ineligibility. Cobo was officially stripped June 2019.2 On 17 July 2019, as the time for Cobo to appeal the decision expired with no a
20201230_064916,011 Team Sky season m Wikipedia, the free encyclopedia e 2011 season for the Team Sky cycling team began in January at the Bay Classic Series and tober at the Noosa Grand Prix. As a UCI ProTeam, they were automatically invited and oblig ad to every event in the UCI World Tour. Improving upon 20 victories in the 2010 season, Te naged 28 victories during the season, including four Grand Tour stage wins, two each at the the Vuelta a España. Also at the Vuelta, the team achieved their best Grand Tour showing t ris Froome and Bradley Wiggins finishing the race in second and third places - behind Geox- e Cobo- having both held the red jersey tor the general classification lead at some stage of tside of the Grand Tours, the team achieved stage victories at four other World Tour events a tory at two, with Wiggins winning the pre-Tour warmup event, the Critérium du Dauphiné and asson Hagen claimed victory at the Eneco Tour held in Belgium and the Netherlands. The tea cesstul in single-day races, with three wins taken by Christopher Sutton, Boasson Hagen an yman. With the performances of Froome, Wiggins and Boasson Hagen, Team Sky made aasu the World Tour rankings; having finished fiteenth in the 2010 UCI Worid Ranking, Team Sky ners-up in the 2011 rankings, just 40 points behind overall winners Omega Pharma-Lotto. 13 June 2019, the sport's governing body, the Union Cycliste International (UCI), announced bo had been found guilty of an anti-doping violation, according to findings from his biological ult, the UCI penalised him with a three-year period of ineligibility. Cobo was officially stripped June 2019.2 On 17 July 2019, as the time for Cobo to appeal the decision expired with no a
20201230_064917,011 Team Sky season m Wikipedia, the free encyclopedia e 2011 season for the Team Sky cycling team began in January at the Bay Classic Series and tober at the Noosa Grand Prix. As a UCI ProTeam, they were automatically invited and obliga ad to every event in the UCI World Tour. Improving upon 20 victories in the 2010 season, Te naged 28 victories during the season, including four Grand Tour stage wins, two each at the the Vuelta a España. Also at the Vuelta, the team achieved their best Grand Tour showing t ris Froome and Bradley Wiggins finishing the race in second and third places - behind Geox- e Cobo- having both held the red jersey tor the general classification lead at some stage of tside of the Grand Tours, the team achieved stage victories at four other World Tour events a tory at two, with Wiggins winning the pre-Tour warmup event, the Critérium du Dauphiné and asson Hagen claimed victory at the Eneco Tour held in Belgium and the Netherlands. The tea cesstul in single-day races, with three wins taken by Christopher Sutton, Boasson Hagen an yman. With the performances of Froome, Wiggins and Boasson Hagen, Team Sky made aas the Worid Tour rankings; having finished fifteenth in the 2010 UCI Worid Ranking. Team Siky ners-up in the 2011 rankings, just 40 points behind overall winners Omega Pharma-Lotto. 13 June 2019, the sport's governing body, the Union Cycliste International (UCI), announced bo had been found guilty of an anti-doping violation, according to findings from his biological ult, the UCI penalised him with a three-year period of ineligibility. Cobo was officially stripped June 2019.2On 17 July 2019, as the time for Cobo to appeal the decision expired with no a
20201230_064918,011 Team Sky season m Wikipedia, the free encyclopedia e 2011 season for the Team Sky cycling team began in January at the Bay Classic Series and tober at the Noosa Grand Prix. As a UCI ProTeam, they were automatically invited and obliga ad to every event in the UCI World Tour. Improving upon 20 victories in the 2010 season, Te naged 28 victories during the season, including four Grand Tour stage wins, wo each at the the Vuelta a España. Also at the Vuelta, the team achieved their best Grand Tour showing t ris Froome and Bradley Wiggins finishing the race in second and third places- behind Geox- se Cobo- having both held the red jersey for the general classification lead at some stage of tside of the Grand Tours, the team achieved stage victories at four other World Tour events a tory at two, with Wiggins winning the pre-Tour warmup event, the Critérium du Dauphiné and asson Hagen claimed victory at the Eneco Tour held in Belgium and the Netherlands. The tea cesstul in single-day races, with three wins taken by Christopher Sutton, Boasson Hagen an yman. With the performances of Froome, Wiggins and Boasson Hagen, Team Sky made aas the World Tour rankings; having finished fiteenth in the 2010 UCI Worid Ranking, Team Sky ners-up in the 2011 rankings, just 40 points behind overall winners Omega Pharma-Lotto. 13 June 2019, the sport's governing body, the Union Cycliste International (UCI), announced bo had been found guilty of an anti-doping violation, according to findings from his biological ult, the UCI penalised him with a three-year period of ineligibility. Cobo was officially stripped June 2019.2On 17 July 2019, as the time for Cobo to appeal the decision expired with no a
20201230_064919,ort La Baye m Wikipedia, the free encyclopedia t La Baye was a French military post at La Baye (today Green Bay, Wisconsin), which was b 7, and occupied until 1760.11 e Commandant of the Fort was the famous Chevalier Jacques Testard de Montigny, Knight o ler of St. Louis. By 1718, there were a number of French Canadian families living in the area Other families settled across the river from the fort in an area which was called Munnomone ause of the Menominee native people that lived there. Most of the families had come to La B Mackinac area.2 733 the Sauks, allied to the Meskwaki (Fox), attacked the French at Fort La Baye. When aF e went out after them, the sons of De Viliers and Repentigny were killed. In 1737 Claude-An men de La Martinière was appointed commander of the tort. Pierre-Paul Marin became the k rench force against the Meskwaki and Sauks. He prevailed and in 1739 the Marquis de Beau vernor of Canada, wrote "Sieur Marin has re-established peace and quietness: BI e also [edit ] Fort Beauharnois Fort Saint Antoine
20201230_064919,ort La Baye m Wikipedia, the free encyclopedia t La Baye was a French military post at La Baye (today Green Bay, Wisconsin), which was b 7, and occupied until 1760./11 e Commandant of the Fort was the famous Chevalier Jacques Testard de Montigny, Knight o er of St. Louis. By 1718, there were a number of French Canadian families living in the area Other families settled across the river from the fort in an area which was called Munnomone ause of the Menominee native people that lived there. Most of the families had come to La B Mackinac area.21 733 the Sauks, allied to the Meskwaki (Fox), attacked the French at Fort La Baye. When a e went out after them, the sons of De Vilers and Repentigny were killed. In 1737 Claude-An men de La Martinière was appointed commander of the fort. Pierre-Paul Marin became the k rench force against the Meskwaki and Sauks. He prevailed and in 1739 the Marquis de Beau vernor of Canada, wrote "Sieur Marin has re-established peace and quietness e also [edit ] Fort Beauharnois Fort Saint Antoine
20201230_064920,ort La Baye m Wikipedia, the free encyclopedia t La Baye was a French military post at La Baye (today Green Bay, Wisconsin), which was b 7, and occupied until 1760./11 e Commandant of the Fort was the famous Chevalier Jacques Testard de Montigny, Knight o er of St. Louis. By 1718, there were a number of French Canadian families living in the area Other families settled across the river from the fort in an area which was called Munnomone ause of the Menominee native people that lived there. Most of the families had come to La B Mackinac area.2 733 the Sauks, allied to the Meskwaki (Fox), attacked the French at Fort La Baye. When aF e went out after them, the sons of De Vilers and Repentigny were killed. In 1737 Claude-An men de La Martinière was appointed commander of the fort. Pierre-Paul Marin became the k rench force against the Meskwaki and Sauks. He prevailed and in 1739 the Marquis de Beau vernor of Canada, wrote "Sieur Marin has re-established peace and quietness": BI e also [edit ] Fort Beauharnois Fort Saint Anto ine
20201230_064921,ort La Baye m Wikipedia, the free encyclopedia t La Baye was a French military post at La Baye (today Green Bay, Wisconsin), which was b 7, and occupied until 1760.1 e Commandant of the Fort was the famous Chevalier Jacques Testard de Montigny, Knight o ler of St. Louis. By 1718, there were a number of French Canadian families living in the area Other families settled across the river from the fort in an area which was called Munnomone ause of the Menominee native people that lived there. Most of the families had come to La B Mackinac area.21 733 the Sauks, allied to the Meskwaki (Fox), attacked the French at Fort La Baye. When aF e went out after them, the sons of De Viliers and Repentigny were killed. In 1737 Claude-An men de La Martinière was appointed commander of the tort. Pierre-Paul Marin became the k rench force against the Meskwaki and Sauks. He prevailed and in 1739 the Marquis de Beau vernor of Canada, wrote "Sieur Marin has re-established peace and quietness": BI e also [edit ] Fort Beauharnois Fort Saint Antoine
20201230_064921,ort La Baye m Wikipedia, the tree encyclopedia t La Baye was a French military post at La Baye (today Green Bay, Wisconsin), which was b 7, and occupied until 1760.1 e Commandant of the Fort was the famous Chevalier Jacques Testard de Montigny, Knight o ler of St. Louis. By 1718, there were a number of French Canadian families living in the area Other families settled across the river from the fort in an area which was called Munnomone ause of the Menominee native people that lived there. Most of the families had come to La B Mackinac area.2 733 the Sauks, allied to the Meskwaki (Fox), attacked the French at Fort La Baye. When aF e went out after them, the sons of De Villiers and Repentigny were killed. In 1737 Claude-An men de La Martinière was appointed commander of the fort. Pierre-Paul Marin became the k rench force against the Meskwaki and Sauks. He prevailed and in 1739 the Marquis de Beau vernor of Canada, wrote "Sieur Marin has re-established peace and quietness": B e also [edit ] Fort Beauharnois Fort Saint Antoine
20201230_064922,ort La Baye m Wikipedia, the free encyclopedia t La Baye was a French military post at La Baye (today Green Bay, Wisconsin), which was 7, and occupied until 1760.1 Commandant of the Fort was the famous Chevalier Jacques Testard de Montigny, Knight o ler of St. Louis. By 1718, there were a number of French Canadian families living in the area Other families settled across the river from the fort in an area which was called Munnomone ause of the Menominee native people that lived there. Most of the families had come to La B Mackinac area.12 733 the Sauks, allied to the Meskwaki (Fox), attacked the French at Fort La Baye. When aF e went out after them, the sons of De Vilers and Repentigny were killed. In 1737 Claude-An men de La Martinière was appointed commander of the fort. Pierre-Paul Marin became the k rench force against the Meskwaki and Sauks. He prevailed and in 1739 the Marquis de Beau vernor of Canada, wrote "Sieur Marin has re-established peace and quietness": BI e also t edit ] Fort Beauharnois Fort Saint Antoine
20201230_064923,ort La Baye m Wikipedia, the free encyclopedia t La Baye was a French military post at La Baye (today Green Bay, Wisconsin), which was 7, and occupied until 1760.1 e Commandant of the Fort was the famous Chevalier Jacques Testard de Montigny, Knight o ler of St. Louis. By 1718, there were a number of French Canadian families living in the area Other families settled across the river from the fort in an area which was called Munnomone ause of the Menominee native people that lived there. Most of the families had come to La B Mackinac area.12 733 the Sauks, allied to the Meskwaki (Fox), attacked the French at Fort La Baye. When aF e went out after them, the sons of De Viliers and Repentigny were killed. In 1737 Claude-An men de La Martinière was appointed commander of the tort. Pierre-Paul Marin became the k rench force against the Meskwaki and Sauks. He prevailed and in 1739 the Marquis de Beau vernor of Canada, wrote "Sieur Marin has re-established peace and quietness" BI e also [edit ] Fort Beauharnois Fort Saint Antoine
20201230_064924,ebrew Printing in America om Wikipedia, the free encyclopedia pbrew Printing in America, 1735-1926, A History and Annotated Bibliography (SEN 1-so nted in America between 1735 and 1926 by Ari Kinsberg. It records 1208 items, annotated w erences, approbations, and location of copies in libraries worldwide. The bibliography is chra rgy, Haggadah, reference works, education, periodicals, Rabbinica, etc.) with 13 indexes, ine d years, publishers, printers, approbations, subscribers, typesetters, music arrangers, and ar erior pages, and appendices containing reproductions of relevant manuscripts and portraits o a review in Judaica Librarianship, Arthur Kiron, Curator of Judaica Collections at the Univers il remain the standard in the field" (43) and is "a splendid achievement" (45). eferences [edit Hebrew Printing in America 1735-1926: A History and Annotated Bibliography &, (dead inl br Levine, Yitzchok (December 6, 2006). "Hooked on American Jewish History' . The Jewish Sarna, Jonathan D. (December 2004). "Hebrew Printing in America 1735-1926: A History ar History. 92 (4);: 509-512. doi:10.1353/ajh.2007.0013d?. s2CID 161096740. Kiron, Arthur (2007). "Review of Yosef Goldman, Hebrew Printing in America'. Judaica Li Archived from the original@ on 2017-09-21. Retrieved 2019-03-23.
20201230_064924,febrew Printing in America om Wikipedia, the free encyclopedia pbrew Printing in America, 1735-1926, A History and Annotated Bibliography (SEN 1-59 nted in America between 1735 and 1926 by Ari Kinsberg. It records 1208 items, annotated w erences, approbations, and location of copies in libraries worldwide. The bibliography is chra rgy, Haggadah, reference works, education, periodicals, Rabbinica, etc.) with 13 indexes, ine d years, publishers, printers, approbations, subscribers, typesetters, music arrangers, and ar erior pages, and appendices containing reproductions of relevant manuscripts and portraits o a review in Judaica Librarianship, Arthur Kiron, Curator of Judaica Collections at the Univers l remain the standard in the field" (43) and is "a splendid achievement" (45). eferences [edit) Hebrew Printing in America 1735-1926: A History and Annotated Bibliography dead inl br Levine, Yitzchok (December 6, 2006). "Hooked on American Jewish History' . The Jewish Sana, Jonathan D. (December 2004). "Hebrew Printing in America 1735-1926: A History al History. 92 (4): 509-512. doi:10.1353/ajh.2007.0013d?. s2CID 161096740. Kiron, Arthur (2007). "Review of Yosef Goldman, Hebrew Printing in America'9. Judaica Li Archived from the original@ on 2017-09-21. Retrieved 2019-03-23.
