2020-05-25 01:53:30.650,FirebaseVision - getInstance() - getOnDeviceImageLabeler()
2020-05-25 01:53:30.998,FirebaseVisionImageLabeler - processImage()
2020-05-25 01:53:31.127,Begin successful result processing
2020-05-25 01:53:31.127,Detected image label: Dog 	 with confidence: 0.98275137
2020-05-25 01:53:31.128,Detected image label: Pet 	 with confidence: 0.92739886
2020-05-25 01:53:31.128,End successful result processing
2020-05-25 01:53:31.215,FirebaseVisionImageLabeler - processImage()
2020-05-25 01:53:31.259,Begin successful result processing
2020-05-25 01:53:31.259,Detected image label: Dog 	 with confidence: 0.98275137
2020-05-25 01:53:31.260,Detected image label: Pet 	 with confidence: 0.92739886
2020-05-25 01:53:31.260,End successful result processing
2020-05-25 01:53:31.352,FirebaseVisionImageLabeler - processImage()
2020-05-25 01:53:31.394,Begin successful result processing
2020-05-25 01:53:31.394,Detected image label: Dog 	 with confidence: 0.98275137
2020-05-25 01:53:31.395,Detected image label: Pet 	 with confidence: 0.92739886
2020-05-25 01:53:31.395,End successful result processing
2020-05-25 01:53:31.482,FirebaseVisionImageLabeler - processImage()
2020-05-25 01:53:31.524,Begin successful result processing
2020-05-25 01:53:31.524,Detected image label: Dog 	 with confidence: 0.98275137
2020-05-25 01:53:31.524,Detected image label: Pet 	 with confidence: 0.92739886
2020-05-25 01:53:31.525,End successful result processing
2020-05-25 01:53:31.611,FirebaseVisionImageLabeler - processImage()
2020-05-25 01:53:31.653,Begin successful result processing
2020-05-25 01:53:31.653,Detected image label: Dog 	 with confidence: 0.98275137
2020-05-25 01:53:31.654,Detected image label: Pet 	 with confidence: 0.92739886
2020-05-25 01:53:31.654,End successful result processing
2020-05-25 01:53:31.740,FirebaseVisionImageLabeler - processImage()
2020-05-25 01:53:31.781,Begin successful result processing
2020-05-25 01:53:31.782,Detected image label: Dog 	 with confidence: 0.98275137
2020-05-25 01:53:31.782,Detected image label: Pet 	 with confidence: 0.92739886
2020-05-25 01:53:31.782,End successful result processing
2020-05-25 01:53:31.872,FirebaseVisionImageLabeler - processImage()
2020-05-25 01:53:31.914,Begin successful result processing
2020-05-25 01:53:31.915,Detected image label: Dog 	 with confidence: 0.98275137
2020-05-25 01:53:31.915,Detected image label: Pet 	 with confidence: 0.92739886
2020-05-25 01:53:31.916,End successful result processing
2020-05-25 01:53:32.005,FirebaseVisionImageLabeler - processImage()
2020-05-25 01:53:32.046,Begin successful result processing
2020-05-25 01:53:32.047,Detected image label: Dog 	 with confidence: 0.98275137
2020-05-25 01:53:32.047,Detected image label: Pet 	 with confidence: 0.92739886
2020-05-25 01:53:32.047,End successful result processing
2020-05-25 01:53:32.136,FirebaseVisionImageLabeler - processImage()
2020-05-25 01:53:32.185,Begin successful result processing
2020-05-25 01:53:32.186,Detected image label: Dog 	 with confidence: 0.98275137
2020-05-25 01:53:32.186,Detected image label: Pet 	 with confidence: 0.92739886
2020-05-25 01:53:32.187,End successful result processing
2020-05-25 01:53:32.312,FirebaseVisionImageLabeler - processImage()
2020-05-25 01:53:32.357,Begin successful result processing
2020-05-25 01:53:32.358,Detected image label: Dog 	 with confidence: 0.98275137
2020-05-25 01:53:32.358,Detected image label: Pet 	 with confidence: 0.92739886
2020-05-25 01:53:32.359,End successful result processing
2020-05-25 01:53:32.475,FirebaseVisionImageLabeler - processImage()
2020-05-25 01:53:32.521,Begin successful result processing
2020-05-25 01:53:32.522,Detected image label: Dog 	 with confidence: 0.98275137
2020-05-25 01:53:32.522,Detected image label: Pet 	 with confidence: 0.92739886
2020-05-25 01:53:32.522,End successful result processing
2020-05-25 01:53:32.654,FirebaseVisionImageLabeler - processImage()
2020-05-25 01:53:32.699,Begin successful result processing
2020-05-25 01:53:32.699,Detected image label: Dog 	 with confidence: 0.98275137
2020-05-25 01:53:32.699,Detected image label: Pet 	 with confidence: 0.92739886
2020-05-25 01:53:32.700,End successful result processing
2020-05-25 01:53:32.814,FirebaseVisionImageLabeler - processImage()
2020-05-25 01:53:32.856,Begin successful result processing
2020-05-25 01:53:32.857,Detected image label: Dog 	 with confidence: 0.98275137
2020-05-25 01:53:32.857,Detected image label: Pet 	 with confidence: 0.92739886
2020-05-25 01:53:32.857,End successful result processing
2020-05-25 01:53:32.977,FirebaseVisionImageLabeler - processImage()
2020-05-25 01:53:33.021,Begin successful result processing
2020-05-25 01:53:33.022,Detected image label: Dog 	 with confidence: 0.98275137
2020-05-25 01:53:33.022,Detected image label: Pet 	 with confidence: 0.92739886
2020-05-25 01:53:33.022,End successful result processing
2020-05-25 01:53:33.113,FirebaseVisionImageLabeler - processImage()
2020-05-25 01:53:33.159,Begin successful result processing
2020-05-25 01:53:33.159,Detected image label: Dog 	 with confidence: 0.98275137
2020-05-25 01:53:33.160,Detected image label: Pet 	 with confidence: 0.92739886
2020-05-25 01:53:33.160,End successful result processing
2020-05-25 01:53:33.249,FirebaseVisionImageLabeler - processImage()
2020-05-25 01:53:33.291,Begin successful result processing
2020-05-25 01:53:33.292,Detected image label: Dog 	 with confidence: 0.98275137
2020-05-25 01:53:33.292,Detected image label: Pet 	 with confidence: 0.92739886
2020-05-25 01:53:33.292,End successful result processing
2020-05-25 01:53:33.380,FirebaseVisionImageLabeler - processImage()
2020-05-25 01:53:33.421,Begin successful result processing
2020-05-25 01:53:33.422,Detected image label: Dog 	 with confidence: 0.98275137
2020-05-25 01:53:33.422,Detected image label: Pet 	 with confidence: 0.92739886
2020-05-25 01:53:33.422,End successful result processing
2020-05-25 01:53:33.512,FirebaseVisionImageLabeler - processImage()
2020-05-25 01:53:33.555,Begin successful result processing
2020-05-25 01:53:33.555,Detected image label: Dog 	 with confidence: 0.98275137
2020-05-25 01:53:33.556,Detected image label: Pet 	 with confidence: 0.92739886
2020-05-25 01:53:33.556,End successful result processing
2020-05-25 01:53:33.676,FirebaseVisionImageLabeler - processImage()
2020-05-25 01:53:33.720,Begin successful result processing
2020-05-25 01:53:33.721,Detected image label: Dog 	 with confidence: 0.98275137
2020-05-25 01:53:33.721,Detected image label: Pet 	 with confidence: 0.92739886
2020-05-25 01:53:33.721,End successful result processing
2020-05-25 01:53:33.812,FirebaseVisionImageLabeler - processImage()
2020-05-25 01:53:33.858,Begin successful result processing
2020-05-25 01:53:33.858,Detected image label: Dog 	 with confidence: 0.98275137
2020-05-25 01:53:33.858,Detected image label: Pet 	 with confidence: 0.92739886
2020-05-25 01:53:33.859,End successful result processing
2020-05-25 01:53:33.952,FirebaseVisionImageLabeler - processImage()
2020-05-25 01:53:34.003,Begin successful result processing
2020-05-25 01:53:34.003,Detected image label: Dog 	 with confidence: 0.98275137
2020-05-25 01:53:34.003,Detected image label: Pet 	 with confidence: 0.92739886
2020-05-25 01:53:34.004,End successful result processing
2020-05-25 01:53:34.089,FirebaseVisionImageLabeler - processImage()
2020-05-25 01:53:34.131,Begin successful result processing
2020-05-25 01:53:34.132,Detected image label: Dog 	 with confidence: 0.98275137
2020-05-25 01:53:34.132,Detected image label: Pet 	 with confidence: 0.92739886
2020-05-25 01:53:34.132,End successful result processing
2020-05-25 01:53:34.240,FirebaseVisionImageLabeler - processImage()
2020-05-25 01:53:34.281,Begin successful result processing
2020-05-25 01:53:34.281,Detected image label: Dog 	 with confidence: 0.98275137
2020-05-25 01:53:34.282,Detected image label: Pet 	 with confidence: 0.92739886
2020-05-25 01:53:34.282,End successful result processing
2020-05-25 01:53:34.373,FirebaseVisionImageLabeler - processImage()
2020-05-25 01:53:34.417,Begin successful result processing
2020-05-25 01:53:34.417,Detected image label: Dog 	 with confidence: 0.98275137
2020-05-25 01:53:34.417,Detected image label: Pet 	 with confidence: 0.92739886
2020-05-25 01:53:34.418,End successful result processing
2020-05-25 01:53:34.545,FirebaseVisionImageLabeler - processImage()
2020-05-25 01:53:34.587,Begin successful result processing
2020-05-25 01:53:34.587,Detected image label: Dog 	 with confidence: 0.98275137
2020-05-25 01:53:34.587,Detected image label: Pet 	 with confidence: 0.92739886
2020-05-25 01:53:34.587,End successful result processing
2020-05-25 01:53:34.677,FirebaseVisionImageLabeler - processImage()
2020-05-25 01:53:34.720,Begin successful result processing
2020-05-25 01:53:34.721,Detected image label: Dog 	 with confidence: 0.98275137
2020-05-25 01:53:34.721,Detected image label: Pet 	 with confidence: 0.92739886
2020-05-25 01:53:34.721,End successful result processing
2020-05-25 01:53:34.870,FirebaseVisionImageLabeler - processImage()
2020-05-25 01:53:34.915,Begin successful result processing
2020-05-25 01:53:34.915,Detected image label: Dog 	 with confidence: 0.98275137
2020-05-25 01:53:34.918,Detected image label: Pet 	 with confidence: 0.92739886
2020-05-25 01:53:34.918,End successful result processing
2020-05-25 01:53:35.037,FirebaseVisionImageLabeler - processImage()
2020-05-25 01:53:35.080,Begin successful result processing
2020-05-25 01:53:35.081,Detected image label: Dog 	 with confidence: 0.98275137
2020-05-25 01:53:35.081,Detected image label: Pet 	 with confidence: 0.92739886
2020-05-25 01:53:35.082,End successful result processing
2020-05-25 01:53:35.177,FirebaseVisionImageLabeler - processImage()
2020-05-25 01:53:35.225,Begin successful result processing
2020-05-25 01:53:35.225,Detected image label: Dog 	 with confidence: 0.98275137
2020-05-25 01:53:35.225,Detected image label: Pet 	 with confidence: 0.92739886
2020-05-25 01:53:35.225,Detected image label: Television 	 with confidence: 0.5326933
2020-05-25 01:53:35.226,End successful result processing
2020-05-25 01:53:35.318,FirebaseVisionImageLabeler - processImage()
2020-05-25 01:53:35.361,Begin successful result processing
2020-05-25 01:53:35.361,Detected image label: Dog 	 with confidence: 0.98275137
2020-05-25 01:53:35.361,Detected image label: Pet 	 with confidence: 0.92739886
2020-05-25 01:53:35.361,Detected image label: Television 	 with confidence: 0.5326933
2020-05-25 01:53:35.362,End successful result processing
2020-05-25 01:53:35.490,FirebaseVisionImageLabeler - processImage()
2020-05-25 01:53:35.531,Begin successful result processing
2020-05-25 01:53:35.531,Detected image label: Dog 	 with confidence: 0.98275137
2020-05-25 01:53:35.531,Detected image label: Pet 	 with confidence: 0.92739886
2020-05-25 01:53:35.531,Detected image label: Television 	 with confidence: 0.5326933
2020-05-25 01:53:35.532,End successful result processing
2020-05-25 01:53:35.621,FirebaseVisionImageLabeler - processImage()
2020-05-25 01:53:35.663,Begin successful result processing
2020-05-25 01:53:35.663,Detected image label: Dog 	 with confidence: 0.98275137
2020-05-25 01:53:35.663,Detected image label: Pet 	 with confidence: 0.92739886
2020-05-25 01:53:35.663,Detected image label: Television 	 with confidence: 0.5326933
2020-05-25 01:53:35.663,End successful result processing
2020-05-25 01:53:35.797,FirebaseVisionImageLabeler - processImage()
2020-05-25 01:53:35.838,Begin successful result processing
2020-05-25 01:53:35.838,Detected image label: Dog 	 with confidence: 0.98275137
2020-05-25 01:53:35.838,Detected image label: Pet 	 with confidence: 0.92739886
2020-05-25 01:53:35.838,Detected image label: Television 	 with confidence: 0.5326933
2020-05-25 01:53:35.839,End successful result processing
2020-05-25 01:53:35.932,FirebaseVisionImageLabeler - processImage()
2020-05-25 01:53:35.973,Begin successful result processing
2020-05-25 01:53:35.973,Detected image label: Dog 	 with confidence: 0.98275137
2020-05-25 01:53:35.974,Detected image label: Pet 	 with confidence: 0.92739886
2020-05-25 01:53:35.974,Detected image label: Television 	 with confidence: 0.5326933
2020-05-25 01:53:35.974,End successful result processing
2020-05-25 01:53:36.098,FirebaseVisionImageLabeler - processImage()
2020-05-25 01:53:36.139,Begin successful result processing
2020-05-25 01:53:36.139,Detected image label: Dog 	 with confidence: 0.98275137
2020-05-25 01:53:36.139,Detected image label: Pet 	 with confidence: 0.92739886
2020-05-25 01:53:36.139,Detected image label: Television 	 with confidence: 0.5326933
2020-05-25 01:53:36.139,End successful result processing
2020-05-25 01:53:36.232,FirebaseVisionImageLabeler - processImage()
2020-05-25 01:53:36.275,Begin successful result processing
2020-05-25 01:53:36.275,Detected image label: Dog 	 with confidence: 0.98275137
2020-05-25 01:53:36.276,Detected image label: Pet 	 with confidence: 0.92739886
2020-05-25 01:53:36.276,Detected image label: Television 	 with confidence: 0.5326933
2020-05-25 01:53:36.276,End successful result processing
2020-05-25 01:53:36.407,FirebaseVisionImageLabeler - processImage()
2020-05-25 01:53:36.448,Begin successful result processing
2020-05-25 01:53:36.449,Detected image label: Dog 	 with confidence: 0.98275137
2020-05-25 01:53:36.449,Detected image label: Pet 	 with confidence: 0.92739886
2020-05-25 01:53:36.449,Detected image label: Television 	 with confidence: 0.5326933
2020-05-25 01:53:36.449,End successful result processing
2020-05-25 01:53:36.543,FirebaseVisionImageLabeler - processImage()
2020-05-25 01:53:36.585,Begin successful result processing
2020-05-25 01:53:36.585,Detected image label: Dog 	 with confidence: 0.98275137
2020-05-25 01:53:36.585,Detected image label: Pet 	 with confidence: 0.92739886
2020-05-25 01:53:36.585,Detected image label: Television 	 with confidence: 0.5326933
2020-05-25 01:53:36.585,End successful result processing
2020-05-25 01:53:36.701,FirebaseVisionImageLabeler - processImage()
2020-05-25 01:53:36.742,Begin successful result processing
2020-05-25 01:53:36.742,Detected image label: Dog 	 with confidence: 0.98275137
2020-05-25 01:53:36.742,Detected image label: Pet 	 with confidence: 0.92739886
2020-05-25 01:53:36.743,Detected image label: Television 	 with confidence: 0.5326933
2020-05-25 01:53:36.743,End successful result processing
2020-05-25 01:53:36.836,FirebaseVisionImageLabeler - processImage()
2020-05-25 01:53:36.877,Begin successful result processing
2020-05-25 01:53:36.877,Detected image label: Dog 	 with confidence: 0.98275137
2020-05-25 01:53:36.877,Detected image label: Pet 	 with confidence: 0.92739886
2020-05-25 01:53:36.878,Detected image label: Television 	 with confidence: 0.5326933
2020-05-25 01:53:36.878,End successful result processing
2020-05-25 01:53:36.986,FirebaseVisionImageLabeler - processImage()
2020-05-25 01:53:37.027,Begin successful result processing
2020-05-25 01:53:37.027,Detected image label: Dog 	 with confidence: 0.98275137
2020-05-25 01:53:37.027,Detected image label: Pet 	 with confidence: 0.92739886
2020-05-25 01:53:37.027,Detected image label: Television 	 with confidence: 0.5326933
2020-05-25 01:53:37.028,End successful result processing
2020-05-25 01:53:37.121,FirebaseVisionImageLabeler - processImage()
2020-05-25 01:53:37.162,Begin successful result processing
2020-05-25 01:53:37.162,Detected image label: Dog 	 with confidence: 0.98275137
2020-05-25 01:53:37.163,Detected image label: Pet 	 with confidence: 0.92739886
2020-05-25 01:53:37.163,Detected image label: Television 	 with confidence: 0.5326933
2020-05-25 01:53:37.163,End successful result processing
2020-05-25 01:53:37.258,FirebaseVisionImageLabeler - processImage()
2020-05-25 01:53:37.299,Begin successful result processing
2020-05-25 01:53:37.300,Detected image label: Dog 	 with confidence: 0.98275137
2020-05-25 01:53:37.300,Detected image label: Pet 	 with confidence: 0.92739886
2020-05-25 01:53:37.300,Detected image label: Television 	 with confidence: 0.5326933
2020-05-25 01:53:37.300,End successful result processing
2020-05-25 01:53:37.394,FirebaseVisionImageLabeler - processImage()
2020-05-25 01:53:37.434,Begin successful result processing
2020-05-25 01:53:37.434,Detected image label: Dog 	 with confidence: 0.98275137
2020-05-25 01:53:37.434,Detected image label: Pet 	 with confidence: 0.92739886
2020-05-25 01:53:37.434,Detected image label: Television 	 with confidence: 0.5326933
2020-05-25 01:53:37.434,End successful result processing
2020-05-25 01:53:37.557,FirebaseVisionImageLabeler - processImage()
2020-05-25 01:53:37.599,Begin successful result processing
2020-05-25 01:53:37.600,Detected image label: Dog 	 with confidence: 0.98275137
2020-05-25 01:53:37.600,Detected image label: Pet 	 with confidence: 0.92739886
2020-05-25 01:53:37.600,Detected image label: Television 	 with confidence: 0.5326933
2020-05-25 01:53:37.600,End successful result processing
2020-05-25 01:53:37.699,FirebaseVisionImageLabeler - processImage()
2020-05-25 01:53:37.740,Begin successful result processing
2020-05-25 01:53:37.741,Detected image label: Dog 	 with confidence: 0.98275137
2020-05-25 01:53:37.741,Detected image label: Pet 	 with confidence: 0.92739886
2020-05-25 01:53:37.741,Detected image label: Television 	 with confidence: 0.5326933
2020-05-25 01:53:37.741,End successful result processing
2020-05-25 01:53:37.864,FirebaseVisionImageLabeler - processImage()
2020-05-25 01:53:37.905,Begin successful result processing
2020-05-25 01:53:37.906,Detected image label: Dog 	 with confidence: 0.98275137
2020-05-25 01:53:37.907,Detected image label: Pet 	 with confidence: 0.92739886
2020-05-25 01:53:37.907,Detected image label: Television 	 with confidence: 0.5326933
2020-05-25 01:53:37.908,End successful result processing
2020-05-25 01:53:38.007,FirebaseVisionImageLabeler - processImage()
2020-05-25 01:53:38.048,Begin successful result processing
2020-05-25 01:53:38.048,Detected image label: Dog 	 with confidence: 0.98275137
2020-05-25 01:53:38.049,Detected image label: Pet 	 with confidence: 0.92739886
2020-05-25 01:53:38.049,Detected image label: Television 	 with confidence: 0.5326933
2020-05-25 01:53:38.049,End successful result processing
2020-05-25 01:53:38.186,FirebaseVisionImageLabeler - processImage()
2020-05-25 01:53:38.228,Begin successful result processing
2020-05-25 01:53:38.228,Detected image label: Dog 	 with confidence: 0.98275137
2020-05-25 01:53:38.228,Detected image label: Pet 	 with confidence: 0.92739886
2020-05-25 01:53:38.228,Detected image label: Television 	 with confidence: 0.5326933
2020-05-25 01:53:38.228,End successful result processing
2020-05-25 01:53:38.326,FirebaseVisionImageLabeler - processImage()
2020-05-25 01:53:38.366,Begin successful result processing
2020-05-25 01:53:38.366,Detected image label: Dog 	 with confidence: 0.98275137
2020-05-25 01:53:38.367,Detected image label: Pet 	 with confidence: 0.92739886
2020-05-25 01:53:38.367,Detected image label: Television 	 with confidence: 0.5326933
2020-05-25 01:53:38.367,End successful result processing
2020-05-25 01:53:38.461,FirebaseVisionImageLabeler - processImage()
2020-05-25 01:53:38.506,Begin successful result processing
2020-05-25 01:53:38.507,Detected image label: Dog 	 with confidence: 0.98275137
2020-05-25 01:53:38.507,Detected image label: Pet 	 with confidence: 0.92739886
2020-05-25 01:53:38.507,Detected image label: Television 	 with confidence: 0.5326933
2020-05-25 01:53:38.507,End successful result processing
2020-05-25 01:53:38.603,FirebaseVisionImageLabeler - processImage()
2020-05-25 01:53:38.645,Begin successful result processing
2020-05-25 01:53:38.645,Detected image label: Dog 	 with confidence: 0.98275137
2020-05-25 01:53:38.645,Detected image label: Pet 	 with confidence: 0.92739886
2020-05-25 01:53:38.645,Detected image label: Television 	 with confidence: 0.5326933
2020-05-25 01:53:38.645,End successful result processing
2020-05-25 01:53:38.742,FirebaseVisionImageLabeler - processImage()
2020-05-25 01:53:38.783,Begin successful result processing
2020-05-25 01:53:38.784,Detected image label: Dog 	 with confidence: 0.98275137
2020-05-25 01:53:38.784,Detected image label: Pet 	 with confidence: 0.92739886
2020-05-25 01:53:38.784,Detected image label: Television 	 with confidence: 0.5326933
2020-05-25 01:53:38.784,End successful result processing
2020-05-25 01:53:38.882,FirebaseVisionImageLabeler - processImage()
2020-05-25 01:53:38.924,Begin successful result processing
2020-05-25 01:53:38.924,Detected image label: Dog 	 with confidence: 0.98275137
2020-05-25 01:53:38.925,Detected image label: Pet 	 with confidence: 0.92739886
2020-05-25 01:53:38.925,Detected image label: Television 	 with confidence: 0.5326933
2020-05-25 01:53:38.925,End successful result processing
2020-05-25 01:53:39.017,FirebaseVisionImageLabeler - processImage()
2020-05-25 01:53:39.059,Begin successful result processing
2020-05-25 01:53:39.059,Detected image label: Dog 	 with confidence: 0.98275137
2020-05-25 01:53:39.059,Detected image label: Pet 	 with confidence: 0.92739886
2020-05-25 01:53:39.059,Detected image label: Television 	 with confidence: 0.5326933
2020-05-25 01:53:39.059,End successful result processing
2020-05-25 01:53:39.162,FirebaseVisionImageLabeler - processImage()
2020-05-25 01:53:39.204,Begin successful result processing
2020-05-25 01:53:39.204,Detected image label: Dog 	 with confidence: 0.98275137
2020-05-25 01:53:39.204,Detected image label: Pet 	 with confidence: 0.92739886
2020-05-25 01:53:39.204,Detected image label: Television 	 with confidence: 0.5326933
2020-05-25 01:53:39.204,End successful result processing
2020-05-25 01:53:39.302,FirebaseVisionImageLabeler - processImage()
2020-05-25 01:53:39.344,Begin successful result processing
2020-05-25 01:53:39.344,Detected image label: Dog 	 with confidence: 0.98275137
2020-05-25 01:53:39.344,Detected image label: Pet 	 with confidence: 0.92739886
2020-05-25 01:53:39.344,Detected image label: Television 	 with confidence: 0.5326933
2020-05-25 01:53:39.344,End successful result processing
2020-05-25 01:53:39.444,FirebaseVisionImageLabeler - processImage()
2020-05-25 01:53:39.486,Begin successful result processing
2020-05-25 01:53:39.487,Detected image label: Dog 	 with confidence: 0.98275137
2020-05-25 01:53:39.487,Detected image label: Pet 	 with confidence: 0.92739886
2020-05-25 01:53:39.487,Detected image label: Television 	 with confidence: 0.5326933
2020-05-25 01:53:39.487,End successful result processing
2020-05-25 01:53:39.654,FirebaseVisionImageLabeler - processImage()
2020-05-25 01:53:39.696,Begin successful result processing
2020-05-25 01:53:39.696,Detected image label: Dog 	 with confidence: 0.98275137
2020-05-25 01:53:39.696,Detected image label: Pet 	 with confidence: 0.92739886
2020-05-25 01:53:39.696,Detected image label: Television 	 with confidence: 0.5326933
2020-05-25 01:53:39.696,End successful result processing
2020-05-25 01:53:39.795,FirebaseVisionImageLabeler - processImage()
2020-05-25 01:53:39.850,Begin successful result processing
2020-05-25 01:53:39.851,Detected image label: Dog 	 with confidence: 0.98275137
2020-05-25 01:53:39.851,Detected image label: Pet 	 with confidence: 0.92739886
2020-05-25 01:53:39.851,Detected image label: Television 	 with confidence: 0.5326933
2020-05-25 01:53:39.851,End successful result processing
2020-05-25 01:53:39.950,FirebaseVisionImageLabeler - processImage()
2020-05-25 01:53:39.992,Begin successful result processing
2020-05-25 01:53:39.992,Detected image label: Dog 	 with confidence: 0.98275137
2020-05-25 01:53:39.992,Detected image label: Pet 	 with confidence: 0.92739886
2020-05-25 01:53:39.992,Detected image label: Television 	 with confidence: 0.5326933
2020-05-25 01:53:39.992,End successful result processing
2020-05-25 01:53:40.090,FirebaseVisionImageLabeler - processImage()
2020-05-25 01:53:40.134,Begin successful result processing
2020-05-25 01:53:40.134,Detected image label: Dog 	 with confidence: 0.98275137
2020-05-25 01:53:40.134,Detected image label: Pet 	 with confidence: 0.92739886
2020-05-25 01:53:40.134,Detected image label: Television 	 with confidence: 0.5326933
2020-05-25 01:53:40.134,End successful result processing
2020-05-25 01:53:40.232,FirebaseVisionImageLabeler - processImage()
2020-05-25 01:53:40.279,Begin successful result processing
2020-05-25 01:53:40.279,Detected image label: Dog 	 with confidence: 0.98275137
2020-05-25 01:53:40.279,Detected image label: Pet 	 with confidence: 0.92739886
2020-05-25 01:53:40.279,Detected image label: Television 	 with confidence: 0.5326933
2020-05-25 01:53:40.279,End successful result processing
2020-05-25 01:53:40.376,FirebaseVisionImageLabeler - processImage()
2020-05-25 01:53:40.422,Begin successful result processing
2020-05-25 01:53:40.422,Detected image label: Dog 	 with confidence: 0.98275137
2020-05-25 01:53:40.422,Detected image label: Pet 	 with confidence: 0.92739886
2020-05-25 01:53:40.422,Detected image label: Television 	 with confidence: 0.5326933
2020-05-25 01:53:40.422,End successful result processing
2020-05-25 01:53:40.534,FirebaseVisionImageLabeler - processImage()
2020-05-25 01:53:40.578,Begin successful result processing
2020-05-25 01:53:40.578,Detected image label: Dog 	 with confidence: 0.98275137
2020-05-25 01:53:40.578,Detected image label: Pet 	 with confidence: 0.92739886
2020-05-25 01:53:40.578,Detected image label: Television 	 with confidence: 0.5326933
2020-05-25 01:53:40.578,End successful result processing
2020-05-25 01:53:40.676,FirebaseVisionImageLabeler - processImage()
2020-05-25 01:53:40.722,Begin successful result processing
2020-05-25 01:53:40.722,Detected image label: Dog 	 with confidence: 0.98275137
2020-05-25 01:53:40.722,Detected image label: Pet 	 with confidence: 0.92739886
2020-05-25 01:53:40.722,Detected image label: Television 	 with confidence: 0.5326933
2020-05-25 01:53:40.723,End successful result processing
2020-05-25 01:53:40.817,FirebaseVisionImageLabeler - processImage()
2020-05-25 01:53:40.857,Begin successful result processing
2020-05-25 01:53:40.857,Detected image label: Dog 	 with confidence: 0.98275137
2020-05-25 01:53:40.858,Detected image label: Pet 	 with confidence: 0.92739886
2020-05-25 01:53:40.858,Detected image label: Television 	 with confidence: 0.5326933
2020-05-25 01:53:40.858,End successful result processing
2020-05-25 01:53:40.952,FirebaseVisionImageLabeler - processImage()
2020-05-25 01:53:40.996,Begin successful result processing
2020-05-25 01:53:40.996,Detected image label: Dog 	 with confidence: 0.98275137
2020-05-25 01:53:40.996,Detected image label: Pet 	 with confidence: 0.92739886
2020-05-25 01:53:40.996,Detected image label: Television 	 with confidence: 0.5326933
2020-05-25 01:53:40.996,End successful result processing
2020-05-25 01:53:41.096,FirebaseVisionImageLabeler - processImage()
2020-05-25 01:53:41.138,Begin successful result processing
2020-05-25 01:53:41.138,Detected image label: Dog 	 with confidence: 0.98275137
2020-05-25 01:53:41.138,Detected image label: Pet 	 with confidence: 0.92739886
2020-05-25 01:53:41.138,Detected image label: Television 	 with confidence: 0.5326933
2020-05-25 01:53:41.138,End successful result processing
2020-05-25 01:53:41.263,FirebaseVisionImageLabeler - processImage()
2020-05-25 01:53:41.305,Begin successful result processing
2020-05-25 01:53:41.306,Detected image label: Dog 	 with confidence: 0.98275137
2020-05-25 01:53:41.306,Detected image label: Pet 	 with confidence: 0.92739886
2020-05-25 01:53:41.306,Detected image label: Television 	 with confidence: 0.5326933
2020-05-25 01:53:41.306,End successful result processing
2020-05-25 01:53:41.398,FirebaseVisionImageLabeler - processImage()
2020-05-25 01:53:41.441,Begin successful result processing
2020-05-25 01:53:41.441,Detected image label: Dog 	 with confidence: 0.98275137
2020-05-25 01:53:41.441,Detected image label: Pet 	 with confidence: 0.92739886
2020-05-25 01:53:41.441,Detected image label: Television 	 with confidence: 0.5326933
2020-05-25 01:53:41.441,End successful result processing
2020-05-25 01:53:41.608,FirebaseVisionImageLabeler - processImage()
2020-05-25 01:53:41.650,Begin successful result processing
2020-05-25 01:53:41.651,Detected image label: Dog 	 with confidence: 0.98275137
2020-05-25 01:53:41.651,Detected image label: Pet 	 with confidence: 0.92739886
2020-05-25 01:53:41.651,Detected image label: Television 	 with confidence: 0.5326933
2020-05-25 01:53:41.651,End successful result processing
2020-05-25 01:53:41.747,FirebaseVisionImageLabeler - processImage()
2020-05-25 01:53:41.789,Begin successful result processing
2020-05-25 01:53:41.789,Detected image label: Dog 	 with confidence: 0.98275137
2020-05-25 01:53:41.789,Detected image label: Pet 	 with confidence: 0.92739886
2020-05-25 01:53:41.789,Detected image label: Television 	 with confidence: 0.5326933
2020-05-25 01:53:41.789,End successful result processing
2020-05-25 01:53:41.883,FirebaseVisionImageLabeler - processImage()
2020-05-25 01:53:41.925,Begin successful result processing
2020-05-25 01:53:41.925,Detected image label: Dog 	 with confidence: 0.98275137
2020-05-25 01:53:41.925,Detected image label: Pet 	 with confidence: 0.92739886
2020-05-25 01:53:41.925,Detected image label: Television 	 with confidence: 0.5326933
2020-05-25 01:53:41.925,End successful result processing
2020-05-25 01:53:42.021,FirebaseVisionImageLabeler - processImage()
2020-05-25 01:53:42.062,Begin successful result processing
2020-05-25 01:53:42.063,Detected image label: Dog 	 with confidence: 0.98275137
2020-05-25 01:53:42.063,Detected image label: Pet 	 with confidence: 0.92739886
2020-05-25 01:53:42.063,Detected image label: Television 	 with confidence: 0.5326933
2020-05-25 01:53:42.063,End successful result processing
2020-05-25 01:53:42.160,FirebaseVisionImageLabeler - processImage()
2020-05-25 01:53:42.202,Begin successful result processing
2020-05-25 01:53:42.202,Detected image label: Dog 	 with confidence: 0.98275137
2020-05-25 01:53:42.202,Detected image label: Pet 	 with confidence: 0.92739886
2020-05-25 01:53:42.202,Detected image label: Television 	 with confidence: 0.5326933
2020-05-25 01:53:42.202,End successful result processing
2020-05-25 01:53:42.300,FirebaseVisionImageLabeler - processImage()
2020-05-25 01:53:42.342,Begin successful result processing
2020-05-25 01:53:42.342,Detected image label: Dog 	 with confidence: 0.98275137
2020-05-25 01:53:42.342,Detected image label: Pet 	 with confidence: 0.92739886
2020-05-25 01:53:42.342,Detected image label: Television 	 with confidence: 0.5326933
2020-05-25 01:53:42.342,End successful result processing
2020-05-25 01:53:42.439,FirebaseVisionImageLabeler - processImage()
2020-05-25 01:53:42.482,Begin successful result processing
2020-05-25 01:53:42.482,Detected image label: Dog 	 with confidence: 0.98275137
2020-05-25 01:53:42.482,Detected image label: Pet 	 with confidence: 0.92739886
2020-05-25 01:53:42.482,Detected image label: Television 	 with confidence: 0.5326933
2020-05-25 01:53:42.482,End successful result processing
2020-05-25 01:53:42.579,FirebaseVisionImageLabeler - processImage()
2020-05-25 01:53:42.621,Begin successful result processing
2020-05-25 01:53:42.621,Detected image label: Dog 	 with confidence: 0.98275137
2020-05-25 01:53:42.621,Detected image label: Pet 	 with confidence: 0.92739886
2020-05-25 01:53:42.621,Detected image label: Television 	 with confidence: 0.5326933
2020-05-25 01:53:42.621,End successful result processing
2020-05-25 01:53:42.717,FirebaseVisionImageLabeler - processImage()
2020-05-25 01:53:42.759,Begin successful result processing
2020-05-25 01:53:42.759,Detected image label: Dog 	 with confidence: 0.98275137
2020-05-25 01:53:42.759,Detected image label: Pet 	 with confidence: 0.92739886
2020-05-25 01:53:42.759,Detected image label: Television 	 with confidence: 0.5326933
2020-05-25 01:53:42.759,End successful result processing
2020-05-25 01:53:42.851,FirebaseVisionImageLabeler - processImage()
2020-05-25 01:53:42.894,Begin successful result processing
2020-05-25 01:53:42.894,Detected image label: Dog 	 with confidence: 0.98275137
2020-05-25 01:53:42.895,Detected image label: Pet 	 with confidence: 0.92739886
2020-05-25 01:53:42.895,Detected image label: Television 	 with confidence: 0.5326933
2020-05-25 01:53:42.895,End successful result processing
2020-05-25 01:53:42.998,FirebaseVisionImageLabeler - processImage()
2020-05-25 01:53:43.040,Begin successful result processing
2020-05-25 01:53:43.040,Detected image label: Dog 	 with confidence: 0.98275137
2020-05-25 01:53:43.040,Detected image label: Pet 	 with confidence: 0.92739886
2020-05-25 01:53:43.040,Detected image label: Television 	 with confidence: 0.5326933
2020-05-25 01:53:43.040,End successful result processing
2020-05-25 01:53:43.138,FirebaseVisionImageLabeler - processImage()
2020-05-25 01:53:43.179,Begin successful result processing
2020-05-25 01:53:43.180,Detected image label: Dog 	 with confidence: 0.98275137
2020-05-25 01:53:43.180,Detected image label: Pet 	 with confidence: 0.92739886
2020-05-25 01:53:43.180,Detected image label: Television 	 with confidence: 0.5326933
2020-05-25 01:53:43.180,End successful result processing
2020-05-25 01:53:43.277,FirebaseVisionImageLabeler - processImage()
2020-05-25 01:53:43.319,Begin successful result processing
2020-05-25 01:53:43.319,Detected image label: Dog 	 with confidence: 0.98275137
2020-05-25 01:53:43.319,Detected image label: Pet 	 with confidence: 0.92739886
2020-05-25 01:53:43.319,Detected image label: Television 	 with confidence: 0.5326933
2020-05-25 01:53:43.319,End successful result processing
2020-05-25 01:53:43.457,FirebaseVisionImageLabeler - processImage()
2020-05-25 01:53:43.499,Begin successful result processing
2020-05-25 01:53:43.499,Detected image label: Dog 	 with confidence: 0.98275137
2020-05-25 01:53:43.499,Detected image label: Pet 	 with confidence: 0.92739886
2020-05-25 01:53:43.499,Detected image label: Television 	 with confidence: 0.5326933
2020-05-25 01:53:43.499,End successful result processing
2020-05-25 01:53:43.592,FirebaseVisionImageLabeler - processImage()
2020-05-25 01:53:43.635,Begin successful result processing
2020-05-25 01:53:43.635,Detected image label: Dog 	 with confidence: 0.9906695
2020-05-25 01:53:43.635,Detected image label: Pet 	 with confidence: 0.96455383
2020-05-25 01:53:43.635,Detected image label: Television 	 with confidence: 0.68739915
2020-05-25 01:53:43.635,End successful result processing
2020-05-25 01:53:43.726,FirebaseVisionImageLabeler - processImage()
2020-05-25 01:53:43.768,Begin successful result processing
2020-05-25 01:53:43.768,Detected image label: Dog 	 with confidence: 0.9906695
2020-05-25 01:53:43.768,Detected image label: Pet 	 with confidence: 0.96455383
2020-05-25 01:53:43.768,Detected image label: Television 	 with confidence: 0.68739915
2020-05-25 01:53:43.768,End successful result processing
2020-05-25 01:53:43.859,FirebaseVisionImageLabeler - processImage()
2020-05-25 01:53:43.901,Begin successful result processing
2020-05-25 01:53:43.901,Detected image label: Dog 	 with confidence: 0.9906695
2020-05-25 01:53:43.901,Detected image label: Pet 	 with confidence: 0.96455383
2020-05-25 01:53:43.901,Detected image label: Television 	 with confidence: 0.68739915
2020-05-25 01:53:43.901,End successful result processing
2020-05-25 01:53:43.998,FirebaseVisionImageLabeler - processImage()
2020-05-25 01:53:44.040,Begin successful result processing
2020-05-25 01:53:44.041,Detected image label: Dog 	 with confidence: 0.9906695
2020-05-25 01:53:44.041,Detected image label: Pet 	 with confidence: 0.96455383
2020-05-25 01:53:44.041,Detected image label: Television 	 with confidence: 0.68739915
2020-05-25 01:53:44.041,End successful result processing
2020-05-25 01:53:44.137,FirebaseVisionImageLabeler - processImage()
2020-05-25 01:53:44.179,Begin successful result processing
2020-05-25 01:53:44.179,Detected image label: Dog 	 with confidence: 0.9906695
2020-05-25 01:53:44.179,Detected image label: Pet 	 with confidence: 0.96455383
2020-05-25 01:53:44.179,Detected image label: Television 	 with confidence: 0.68739915
2020-05-25 01:53:44.179,End successful result processing
2020-05-25 01:53:44.272,FirebaseVisionImageLabeler - processImage()
2020-05-25 01:53:44.315,Begin successful result processing
2020-05-25 01:53:44.315,Detected image label: Dog 	 with confidence: 0.9906695
2020-05-25 01:53:44.315,Detected image label: Pet 	 with confidence: 0.96455383
2020-05-25 01:53:44.315,Detected image label: Television 	 with confidence: 0.68739915
2020-05-25 01:53:44.315,End successful result processing
2020-05-25 01:53:44.405,FirebaseVisionImageLabeler - processImage()
2020-05-25 01:53:44.447,Begin successful result processing
2020-05-25 01:53:44.447,Detected image label: Dog 	 with confidence: 0.9906695
2020-05-25 01:53:44.447,Detected image label: Pet 	 with confidence: 0.96455383
2020-05-25 01:53:44.447,Detected image label: Television 	 with confidence: 0.68739915
2020-05-25 01:53:44.447,End successful result processing
2020-05-25 01:53:44.538,FirebaseVisionImageLabeler - processImage()
2020-05-25 01:53:44.580,Begin successful result processing
2020-05-25 01:53:44.580,Detected image label: Dog 	 with confidence: 0.9906695
2020-05-25 01:53:44.580,Detected image label: Pet 	 with confidence: 0.96455383
2020-05-25 01:53:44.580,Detected image label: Television 	 with confidence: 0.68739915
2020-05-25 01:53:44.580,End successful result processing
2020-05-25 01:53:44.709,FirebaseVisionImageLabeler - processImage()
2020-05-25 01:53:44.750,Begin successful result processing
2020-05-25 01:53:44.750,Detected image label: Dog 	 with confidence: 0.9906695
2020-05-25 01:53:44.751,Detected image label: Pet 	 with confidence: 0.96455383
2020-05-25 01:53:44.751,Detected image label: Television 	 with confidence: 0.68739915
2020-05-25 01:53:44.751,End successful result processing
2020-05-25 01:53:44.842,FirebaseVisionImageLabeler - processImage()
2020-05-25 01:53:44.888,Begin successful result processing
2020-05-25 01:53:44.889,Detected image label: Dog 	 with confidence: 0.9906695
2020-05-25 01:53:44.889,Detected image label: Pet 	 with confidence: 0.96455383
2020-05-25 01:53:44.889,Detected image label: Television 	 with confidence: 0.68739915
2020-05-25 01:53:44.889,End successful result processing
2020-05-25 01:53:45.002,FirebaseVisionImageLabeler - processImage()
2020-05-25 01:53:45.043,Begin successful result processing
2020-05-25 01:53:45.043,Detected image label: Dog 	 with confidence: 0.9906695
2020-05-25 01:53:45.043,Detected image label: Pet 	 with confidence: 0.96455383
2020-05-25 01:53:45.043,Detected image label: Television 	 with confidence: 0.68739915
2020-05-25 01:53:45.044,End successful result processing
2020-05-25 01:53:45.138,FirebaseVisionImageLabeler - processImage()
2020-05-25 01:53:45.180,Begin successful result processing
2020-05-25 01:53:45.180,Detected image label: Dog 	 with confidence: 0.9906695
2020-05-25 01:53:45.180,Detected image label: Pet 	 with confidence: 0.96455383
2020-05-25 01:53:45.180,Detected image label: Television 	 with confidence: 0.68739915
2020-05-25 01:53:45.180,End successful result processing
2020-05-25 01:53:45.274,FirebaseVisionImageLabeler - processImage()
2020-05-25 01:53:45.315,Begin successful result processing
2020-05-25 01:53:45.315,Detected image label: Dog 	 with confidence: 0.9906695
2020-05-25 01:53:45.315,Detected image label: Pet 	 with confidence: 0.96455383
2020-05-25 01:53:45.315,Detected image label: Television 	 with confidence: 0.68739915
2020-05-25 01:53:45.315,End successful result processing
2020-05-25 01:53:45.408,FirebaseVisionImageLabeler - processImage()
2020-05-25 01:53:45.449,Begin successful result processing
2020-05-25 01:53:45.449,Detected image label: Dog 	 with confidence: 0.9906695
2020-05-25 01:53:45.450,Detected image label: Pet 	 with confidence: 0.96455383
2020-05-25 01:53:45.450,Detected image label: Television 	 with confidence: 0.68739915
2020-05-25 01:53:45.450,End successful result processing
2020-05-25 01:53:45.540,FirebaseVisionImageLabeler - processImage()
2020-05-25 01:53:45.581,Begin successful result processing
2020-05-25 01:53:45.581,Detected image label: Dog 	 with confidence: 0.9906695
2020-05-25 01:53:45.581,Detected image label: Pet 	 with confidence: 0.96455383
2020-05-25 01:53:45.581,Detected image label: Television 	 with confidence: 0.68739915
2020-05-25 01:53:45.581,End successful result processing
2020-05-25 01:53:45.719,FirebaseVisionImageLabeler - processImage()
2020-05-25 01:53:45.761,Begin successful result processing
2020-05-25 01:53:45.761,Detected image label: Dog 	 with confidence: 0.9906695
2020-05-25 01:53:45.761,Detected image label: Pet 	 with confidence: 0.96455383
2020-05-25 01:53:45.761,Detected image label: Television 	 with confidence: 0.68739915
2020-05-25 01:53:45.761,End successful result processing
2020-05-25 01:53:45.894,FirebaseVisionImageLabeler - processImage()
2020-05-25 01:53:45.935,Begin successful result processing
2020-05-25 01:53:45.935,Detected image label: Dog 	 with confidence: 0.9906695
2020-05-25 01:53:45.935,Detected image label: Pet 	 with confidence: 0.96455383
2020-05-25 01:53:45.935,Detected image label: Television 	 with confidence: 0.68739915
2020-05-25 01:53:45.935,End successful result processing
2020-05-25 01:53:46.062,FirebaseVisionImageLabeler - processImage()
2020-05-25 01:53:46.103,Begin successful result processing
2020-05-25 01:53:46.103,Detected image label: Dog 	 with confidence: 0.9906695
2020-05-25 01:53:46.103,Detected image label: Pet 	 with confidence: 0.96455383
2020-05-25 01:53:46.103,Detected image label: Television 	 with confidence: 0.68739915
2020-05-25 01:53:46.103,End successful result processing
2020-05-25 01:53:46.194,FirebaseVisionImageLabeler - processImage()
2020-05-25 01:53:46.239,Begin successful result processing
2020-05-25 01:53:46.239,Detected image label: Dog 	 with confidence: 0.9906695
2020-05-25 01:53:46.239,Detected image label: Pet 	 with confidence: 0.96455383
2020-05-25 01:53:46.239,Detected image label: Television 	 with confidence: 0.68739915
2020-05-25 01:53:46.239,End successful result processing
2020-05-25 01:53:46.331,FirebaseVisionImageLabeler - processImage()
2020-05-25 01:53:46.372,Begin successful result processing
2020-05-25 01:53:46.372,Detected image label: Dog 	 with confidence: 0.9906695
2020-05-25 01:53:46.372,Detected image label: Pet 	 with confidence: 0.96455383
2020-05-25 01:53:46.372,Detected image label: Television 	 with confidence: 0.68739915
2020-05-25 01:53:46.372,End successful result processing
2020-05-25 01:53:46.465,FirebaseVisionImageLabeler - processImage()
2020-05-25 01:53:46.505,Begin successful result processing
2020-05-25 01:53:46.505,Detected image label: Dog 	 with confidence: 0.9906695
2020-05-25 01:53:46.505,Detected image label: Pet 	 with confidence: 0.96455383
2020-05-25 01:53:46.505,Detected image label: Television 	 with confidence: 0.68739915
2020-05-25 01:53:46.505,End successful result processing
2020-05-25 01:53:46.621,FirebaseVisionImageLabeler - processImage()
2020-05-25 01:53:46.661,Begin successful result processing
2020-05-25 01:53:46.661,Detected image label: Dog 	 with confidence: 0.9906695
2020-05-25 01:53:46.661,Detected image label: Pet 	 with confidence: 0.96455383
2020-05-25 01:53:46.661,Detected image label: Television 	 with confidence: 0.68739915
2020-05-25 01:53:46.661,End successful result processing
2020-05-25 01:53:46.789,FirebaseVisionImageLabeler - processImage()
2020-05-25 01:53:46.829,Begin successful result processing
2020-05-25 01:53:46.829,Detected image label: Dog 	 with confidence: 0.9906695
2020-05-25 01:53:46.829,Detected image label: Pet 	 with confidence: 0.96455383
2020-05-25 01:53:46.829,Detected image label: Television 	 with confidence: 0.68739915
2020-05-25 01:53:46.829,End successful result processing
2020-05-25 01:53:46.918,FirebaseVisionImageLabeler - processImage()
2020-05-25 01:53:46.959,Begin successful result processing
2020-05-25 01:53:46.959,Detected image label: Dog 	 with confidence: 0.9906695
2020-05-25 01:53:46.959,Detected image label: Pet 	 with confidence: 0.96455383
2020-05-25 01:53:46.959,Detected image label: Television 	 with confidence: 0.68739915
2020-05-25 01:53:46.959,End successful result processing
2020-05-25 01:53:47.050,FirebaseVisionImageLabeler - processImage()
2020-05-25 01:53:47.091,Begin successful result processing
2020-05-25 01:53:47.091,Detected image label: Dog 	 with confidence: 0.9906695
2020-05-25 01:53:47.091,Detected image label: Pet 	 with confidence: 0.96455383
2020-05-25 01:53:47.091,Detected image label: Television 	 with confidence: 0.68739915
2020-05-25 01:53:47.091,End successful result processing
2020-05-25 01:53:47.185,FirebaseVisionImageLabeler - processImage()
2020-05-25 01:53:47.225,Begin successful result processing
2020-05-25 01:53:47.225,Detected image label: Dog 	 with confidence: 0.9906695
2020-05-25 01:53:47.225,Detected image label: Pet 	 with confidence: 0.96455383
2020-05-25 01:53:47.225,Detected image label: Television 	 with confidence: 0.68739915
2020-05-25 01:53:47.225,End successful result processing
2020-05-25 01:53:47.315,FirebaseVisionImageLabeler - processImage()
2020-05-25 01:53:47.355,Begin successful result processing
2020-05-25 01:53:47.355,Detected image label: Dog 	 with confidence: 0.9906695
2020-05-25 01:53:47.355,Detected image label: Pet 	 with confidence: 0.96455383
2020-05-25 01:53:47.356,Detected image label: Television 	 with confidence: 0.68739915
2020-05-25 01:53:47.356,End successful result processing
2020-05-25 01:53:47.454,FirebaseVisionImageLabeler - processImage()
2020-05-25 01:53:47.495,Begin successful result processing
2020-05-25 01:53:47.495,Detected image label: Dog 	 with confidence: 0.9906695
2020-05-25 01:53:47.495,Detected image label: Pet 	 with confidence: 0.96455383
2020-05-25 01:53:47.495,Detected image label: Television 	 with confidence: 0.68739915
2020-05-25 01:53:47.495,End successful result processing
2020-05-25 01:53:47.629,FirebaseVisionImageLabeler - processImage()
2020-05-25 01:53:47.680,Begin successful result processing
2020-05-25 01:53:47.680,Detected image label: Dog 	 with confidence: 0.9906695
2020-05-25 01:53:47.680,Detected image label: Pet 	 with confidence: 0.96455383
2020-05-25 01:53:47.680,Detected image label: Television 	 with confidence: 0.68739915
2020-05-25 01:53:47.680,End successful result processing
2020-05-25 01:53:47.828,FirebaseVisionImageLabeler - processImage()
2020-05-25 01:53:47.871,Begin successful result processing
2020-05-25 01:53:47.871,Detected image label: Dog 	 with confidence: 0.9906695
2020-05-25 01:53:47.871,Detected image label: Pet 	 with confidence: 0.96455383
2020-05-25 01:53:47.871,Detected image label: Television 	 with confidence: 0.68739915
2020-05-25 01:53:47.871,End successful result processing
2020-05-25 01:53:47.961,FirebaseVisionImageLabeler - processImage()
2020-05-25 01:53:48.000,Begin successful result processing
2020-05-25 01:53:48.000,Detected image label: Dog 	 with confidence: 0.9906695
2020-05-25 01:53:48.000,Detected image label: Pet 	 with confidence: 0.96455383
2020-05-25 01:53:48.000,Detected image label: Television 	 with confidence: 0.68739915
2020-05-25 01:53:48.000,End successful result processing
2020-05-25 01:53:48.090,FirebaseVisionImageLabeler - processImage()
2020-05-25 01:53:48.131,Begin successful result processing
2020-05-25 01:53:48.131,Detected image label: Dog 	 with confidence: 0.9906695
2020-05-25 01:53:48.132,Detected image label: Pet 	 with confidence: 0.96455383
2020-05-25 01:53:48.132,Detected image label: Television 	 with confidence: 0.68739915
2020-05-25 01:53:48.132,End successful result processing
2020-05-25 01:53:48.221,FirebaseVisionImageLabeler - processImage()
2020-05-25 01:53:48.260,Begin successful result processing
2020-05-25 01:53:48.260,Detected image label: Dog 	 with confidence: 0.9906695
2020-05-25 01:53:48.260,Detected image label: Pet 	 with confidence: 0.96455383
2020-05-25 01:53:48.260,Detected image label: Television 	 with confidence: 0.68739915
2020-05-25 01:53:48.260,End successful result processing
2020-05-25 01:53:48.350,FirebaseVisionImageLabeler - processImage()
2020-05-25 01:53:48.393,Begin successful result processing
2020-05-25 01:53:48.393,Detected image label: Dog 	 with confidence: 0.9906695
2020-05-25 01:53:48.393,Detected image label: Pet 	 with confidence: 0.96455383
2020-05-25 01:53:48.393,Detected image label: Television 	 with confidence: 0.68739915
2020-05-25 01:53:48.393,End successful result processing
2020-05-25 01:53:48.482,FirebaseVisionImageLabeler - processImage()
2020-05-25 01:53:48.521,Begin successful result processing
2020-05-25 01:53:48.521,Detected image label: Dog 	 with confidence: 0.9906695
2020-05-25 01:53:48.521,Detected image label: Pet 	 with confidence: 0.96455383
2020-05-25 01:53:48.521,Detected image label: Television 	 with confidence: 0.68739915
2020-05-25 01:53:48.521,End successful result processing
2020-05-25 01:53:48.611,FirebaseVisionImageLabeler - processImage()
2020-05-25 01:53:48.652,Begin successful result processing
2020-05-25 01:53:48.652,Detected image label: Dog 	 with confidence: 0.9906695
2020-05-25 01:53:48.652,Detected image label: Pet 	 with confidence: 0.96455383
2020-05-25 01:53:48.653,Detected image label: Television 	 with confidence: 0.68739915
2020-05-25 01:53:48.653,End successful result processing
2020-05-25 01:53:48.744,FirebaseVisionImageLabeler - processImage()
2020-05-25 01:53:48.784,Begin successful result processing
2020-05-25 01:53:48.784,Detected image label: Dog 	 with confidence: 0.9906695
2020-05-25 01:53:48.784,Detected image label: Pet 	 with confidence: 0.96455383
2020-05-25 01:53:48.784,Detected image label: Television 	 with confidence: 0.68739915
2020-05-25 01:53:48.784,End successful result processing
2020-05-25 01:53:48.875,FirebaseVisionImageLabeler - processImage()
2020-05-25 01:53:48.918,Begin successful result processing
2020-05-25 01:53:48.918,Detected image label: Dog 	 with confidence: 0.9906695
2020-05-25 01:53:48.918,Detected image label: Pet 	 with confidence: 0.96455383
2020-05-25 01:53:48.918,Detected image label: Television 	 with confidence: 0.68739915
2020-05-25 01:53:48.918,End successful result processing
2020-05-25 01:53:49.008,FirebaseVisionImageLabeler - processImage()
2020-05-25 01:53:49.047,Begin successful result processing
2020-05-25 01:53:49.047,Detected image label: Dog 	 with confidence: 0.9906695
2020-05-25 01:53:49.047,Detected image label: Pet 	 with confidence: 0.96455383
2020-05-25 01:53:49.047,Detected image label: Television 	 with confidence: 0.68739915
2020-05-25 01:53:49.047,End successful result processing
2020-05-25 01:53:49.137,FirebaseVisionImageLabeler - processImage()
2020-05-25 01:53:49.178,Begin successful result processing
2020-05-25 01:53:49.179,Detected image label: Dog 	 with confidence: 0.9906695
2020-05-25 01:53:49.179,Detected image label: Pet 	 with confidence: 0.96455383
2020-05-25 01:53:49.179,Detected image label: Television 	 with confidence: 0.68739915
2020-05-25 01:53:49.179,End successful result processing
2020-05-25 01:53:49.270,FirebaseVisionImageLabeler - processImage()
2020-05-25 01:53:49.309,Begin successful result processing
2020-05-25 01:53:49.309,Detected image label: Dog 	 with confidence: 0.9906695
2020-05-25 01:53:49.310,Detected image label: Pet 	 with confidence: 0.96455383
2020-05-25 01:53:49.310,Detected image label: Television 	 with confidence: 0.68739915
2020-05-25 01:53:49.310,End successful result processing
2020-05-25 01:53:49.399,FirebaseVisionImageLabeler - processImage()
2020-05-25 01:53:49.439,Begin successful result processing
2020-05-25 01:53:49.439,Detected image label: Dog 	 with confidence: 0.9906695
2020-05-25 01:53:49.439,Detected image label: Pet 	 with confidence: 0.96455383
2020-05-25 01:53:49.439,Detected image label: Television 	 with confidence: 0.68739915
2020-05-25 01:53:49.439,End successful result processing
2020-05-25 01:53:49.530,FirebaseVisionImageLabeler - processImage()
2020-05-25 01:53:49.570,Begin successful result processing
2020-05-25 01:53:49.570,Detected image label: Dog 	 with confidence: 0.9906695
2020-05-25 01:53:49.570,Detected image label: Pet 	 with confidence: 0.96455383
2020-05-25 01:53:49.570,Detected image label: Television 	 with confidence: 0.68739915
2020-05-25 01:53:49.570,End successful result processing
2020-05-25 01:53:49.660,FirebaseVisionImageLabeler - processImage()
2020-05-25 01:53:49.701,Begin successful result processing
2020-05-25 01:53:49.701,Detected image label: Dog 	 with confidence: 0.9906695
2020-05-25 01:53:49.701,Detected image label: Pet 	 with confidence: 0.96455383
2020-05-25 01:53:49.701,Detected image label: Television 	 with confidence: 0.68739915
2020-05-25 01:53:49.701,End successful result processing
2020-05-25 01:53:49.790,FirebaseVisionImageLabeler - processImage()
2020-05-25 01:53:49.829,Begin successful result processing
2020-05-25 01:53:49.829,Detected image label: Dog 	 with confidence: 0.9906695
2020-05-25 01:53:49.829,Detected image label: Pet 	 with confidence: 0.96455383
2020-05-25 01:53:49.829,Detected image label: Television 	 with confidence: 0.68739915
2020-05-25 01:53:49.829,End successful result processing
2020-05-25 01:53:49.965,FirebaseVisionImageLabeler - processImage()
2020-05-25 01:53:50.005,Begin successful result processing
2020-05-25 01:53:50.005,Detected image label: Dog 	 with confidence: 0.9906695
2020-05-25 01:53:50.005,Detected image label: Pet 	 with confidence: 0.96455383
2020-05-25 01:53:50.005,Detected image label: Television 	 with confidence: 0.68739915
2020-05-25 01:53:50.005,End successful result processing
2020-05-25 01:53:50.165,FirebaseVisionImageLabeler - processImage()
2020-05-25 01:53:50.206,Begin successful result processing
2020-05-25 01:53:50.206,Detected image label: Dog 	 with confidence: 0.9906695
2020-05-25 01:53:50.206,Detected image label: Pet 	 with confidence: 0.96455383
2020-05-25 01:53:50.207,Detected image label: Television 	 with confidence: 0.68739915
2020-05-25 01:53:50.207,End successful result processing
2020-05-25 01:53:50.298,FirebaseVisionImageLabeler - processImage()
2020-05-25 01:53:50.338,Begin successful result processing
2020-05-25 01:53:50.339,Detected image label: Dog 	 with confidence: 0.9906695
2020-05-25 01:53:50.339,Detected image label: Pet 	 with confidence: 0.96455383
2020-05-25 01:53:50.339,Detected image label: Television 	 with confidence: 0.68739915
2020-05-25 01:53:50.339,End successful result processing
2020-05-25 01:53:50.429,FirebaseVisionImageLabeler - processImage()
2020-05-25 01:53:50.469,Begin successful result processing
2020-05-25 01:53:50.469,Detected image label: Dog 	 with confidence: 0.9906695
2020-05-25 01:53:50.469,Detected image label: Pet 	 with confidence: 0.96455383
2020-05-25 01:53:50.469,Detected image label: Television 	 with confidence: 0.68739915
2020-05-25 01:53:50.469,End successful result processing
2020-05-25 01:53:50.560,FirebaseVisionImageLabeler - processImage()
2020-05-25 01:53:50.600,Begin successful result processing
2020-05-25 01:53:50.600,Detected image label: Dog 	 with confidence: 0.9906695
2020-05-25 01:53:50.600,Detected image label: Pet 	 with confidence: 0.96455383
2020-05-25 01:53:50.600,Detected image label: Television 	 with confidence: 0.68739915
2020-05-25 01:53:50.600,End successful result processing
2020-05-25 01:53:50.689,FirebaseVisionImageLabeler - processImage()
2020-05-25 01:53:50.729,Begin successful result processing
2020-05-25 01:53:50.729,Detected image label: Dog 	 with confidence: 0.9906695
2020-05-25 01:53:50.729,Detected image label: Pet 	 with confidence: 0.96455383
2020-05-25 01:53:50.729,Detected image label: Television 	 with confidence: 0.68739915
2020-05-25 01:53:50.729,End successful result processing
2020-05-25 01:53:50.818,FirebaseVisionImageLabeler - processImage()
2020-05-25 01:53:50.859,Begin successful result processing
2020-05-25 01:53:50.859,Detected image label: Dog 	 with confidence: 0.9906695
2020-05-25 01:53:50.859,Detected image label: Pet 	 with confidence: 0.96455383
2020-05-25 01:53:50.860,Detected image label: Television 	 with confidence: 0.68739915
2020-05-25 01:53:50.860,End successful result processing
2020-05-25 01:53:51.013,FirebaseVisionImageLabeler - processImage()
2020-05-25 01:53:51.052,Begin successful result processing
2020-05-25 01:53:51.052,Detected image label: Dog 	 with confidence: 0.9906695
2020-05-25 01:53:51.052,Detected image label: Pet 	 with confidence: 0.96455383
2020-05-25 01:53:51.053,Detected image label: Television 	 with confidence: 0.68739915
2020-05-25 01:53:51.053,End successful result processing
2020-05-25 01:53:51.143,FirebaseVisionImageLabeler - processImage()
2020-05-25 01:53:51.182,Begin successful result processing
2020-05-25 01:53:51.182,Detected image label: Dog 	 with confidence: 0.9906695
2020-05-25 01:53:51.183,Detected image label: Pet 	 with confidence: 0.96455383
2020-05-25 01:53:51.183,Detected image label: Television 	 with confidence: 0.68739915
2020-05-25 01:53:51.183,End successful result processing
2020-05-25 01:53:51.275,FirebaseVisionImageLabeler - processImage()
2020-05-25 01:53:51.319,Begin successful result processing
2020-05-25 01:53:51.319,Detected image label: Dog 	 with confidence: 0.98275137
2020-05-25 01:53:51.319,Detected image label: Pet 	 with confidence: 0.92739886
2020-05-25 01:53:51.319,Detected image label: Television 	 with confidence: 0.5326933
2020-05-25 01:53:51.319,End successful result processing
2020-05-25 01:53:51.412,FirebaseVisionImageLabeler - processImage()
2020-05-25 01:53:51.452,Begin successful result processing
2020-05-25 01:53:51.453,Detected image label: Dog 	 with confidence: 0.98275137
2020-05-25 01:53:51.453,Detected image label: Pet 	 with confidence: 0.92739886
2020-05-25 01:53:51.453,Detected image label: Television 	 with confidence: 0.5326933
2020-05-25 01:53:51.453,End successful result processing
2020-05-25 01:53:51.577,FirebaseVisionImageLabeler - processImage()
2020-05-25 01:53:51.617,Begin successful result processing
2020-05-25 01:53:51.617,Detected image label: Dog 	 with confidence: 0.98275137
2020-05-25 01:53:51.617,Detected image label: Pet 	 with confidence: 0.92739886
2020-05-25 01:53:51.617,Detected image label: Television 	 with confidence: 0.5326933
2020-05-25 01:53:51.617,End successful result processing
2020-05-25 01:53:51.712,FirebaseVisionImageLabeler - processImage()
2020-05-25 01:53:51.807,Begin successful result processing
2020-05-25 01:53:51.807,Detected image label: Dog 	 with confidence: 0.98275137
2020-05-25 01:53:51.807,Detected image label: Pet 	 with confidence: 0.92739886
2020-05-25 01:53:51.807,Detected image label: Television 	 with confidence: 0.5326933
2020-05-25 01:53:51.808,End successful result processing
2020-05-25 01:53:51.926,FirebaseVisionImageLabeler - processImage()
