2020-05-25 02:22:22.281,FirebaseVision - getInstance() - getCloudTextRecognizer()
2020-05-25 02:22:22.649,FirebaseVisionTextRecognizer - processImage()
2020-05-25 02:22:24.197,Begin successful result processing
2020-05-25 02:22:24.198,Detected text element: Lorem
2020-05-25 02:22:24.199,Detected text element: ipsum
2020-05-25 02:22:24.199,Detected text element: dolor
2020-05-25 02:22:24.200,Detected text element: sit
2020-05-25 02:22:24.201,Detected text element: amet,
2020-05-25 02:22:24.201,Detected text element: consectetur
2020-05-25 02:22:24.202,Detected text element: adipiscing
2020-05-25 02:22:24.202,Detected text element: elit.
2020-05-25 02:22:24.203,Detected text element: Duis
2020-05-25 02:22:24.204,Detected text element: mollis
2020-05-25 02:22:24.204,Detected text element: interdum
2020-05-25 02:22:24.205,Detected text element: interdum.
2020-05-25 02:22:24.206,Detected text element: Aliquam
2020-05-25 02:22:24.206,Detected text element: laoreet
2020-05-25 02:22:24.207,Detected text element: non
2020-05-25 02:22:24.208,Detected text element: felis
2020-05-25 02:22:24.208,Detected text element: quis
2020-05-25 02:22:24.209,Detected text element: placerat.
2020-05-25 02:22:24.209,Detected text element: Pellentesque
2020-05-25 02:22:24.210,Detected text element: fermentum
2020-05-25 02:22:24.211,Detected text element: velit
2020-05-25 02:22:24.211,Detected text element: erat,
2020-05-25 02:22:24.212,Detected text element: et
2020-05-25 02:22:24.213,Detected text element: tincidunt
2020-05-25 02:22:24.213,Detected text element: dui
2020-05-25 02:22:24.214,Detected text element: scelerisque
2020-05-25 02:22:24.215,Detected text element: non.
2020-05-25 02:22:24.215,Detected text element: Proin
2020-05-25 02:22:24.216,Detected text element: sem
2020-05-25 02:22:24.216,Detected text element: nisl,
2020-05-25 02:22:24.217,Detected text element: sollicitudin
2020-05-25 02:22:24.218,Detected text element: lobortis
2020-05-25 02:22:24.218,Detected text element: gravida
2020-05-25 02:22:24.219,Detected text element: vel,
2020-05-25 02:22:24.219,Detected text element: malesuada
2020-05-25 02:22:24.220,Detected text element: at
2020-05-25 02:22:24.221,Detected text element: orci.
2020-05-25 02:22:24.221,Detected text element: Phasellus
2020-05-25 02:22:24.222,Detected text element: non
2020-05-25 02:22:24.223,Detected text element: justo
2020-05-25 02:22:24.223,Detected text element: placerat,
2020-05-25 02:22:24.224,Detected text element: lacinia
2020-05-25 02:22:24.224,Detected text element: tellus
2020-05-25 02:22:24.225,Detected text element: in,
2020-05-25 02:22:24.226,Detected text element: mollis
2020-05-25 02:22:24.226,Detected text element: nibh.
2020-05-25 02:22:24.227,Detected text element: Sed
2020-05-25 02:22:24.227,Detected text element: faucibus
2020-05-25 02:22:24.228,Detected text element: velit
2020-05-25 02:22:24.229,Detected text element: tortor,
2020-05-25 02:22:24.229,Detected text element: vitae
2020-05-25 02:22:24.230,Detected text element: congue
2020-05-25 02:22:24.231,Detected text element: arcu
2020-05-25 02:22:24.231,Detected text element: sodales
2020-05-25 02:22:24.232,Detected text element: rutrum.
2020-05-25 02:22:24.232,Detected text element: Proin
2020-05-25 02:22:24.233,Detected text element: consequat
2020-05-25 02:22:24.234,Detected text element: suscipit
2020-05-25 02:22:24.234,Detected text element: sapien,
2020-05-25 02:22:24.235,Detected text element: eget
2020-05-25 02:22:24.235,Detected text element: venenatis
2020-05-25 02:22:24.236,Detected text element: purus
2020-05-25 02:22:24.236,Detected text element: B
2020-05-25 02:22:24.237,End successful result processing
2020-05-25 02:22:24.367,FirebaseVisionTextRecognizer - processImage()
2020-05-25 02:22:25.521,Begin successful result processing
2020-05-25 02:22:25.521,Detected text element: Lorem
2020-05-25 02:22:25.522,Detected text element: ipsum
2020-05-25 02:22:25.522,Detected text element: dolor
2020-05-25 02:22:25.523,Detected text element: sit
2020-05-25 02:22:25.524,Detected text element: amet,
2020-05-25 02:22:25.524,Detected text element: consectetur
2020-05-25 02:22:25.525,Detected text element: adipiscing
2020-05-25 02:22:25.525,Detected text element: elit.
2020-05-25 02:22:25.526,Detected text element: Duis
2020-05-25 02:22:25.526,Detected text element: mollis
2020-05-25 02:22:25.527,Detected text element: interdum
2020-05-25 02:22:25.527,Detected text element: interdum.
2020-05-25 02:22:25.528,Detected text element: Aliquam
2020-05-25 02:22:25.528,Detected text element: laoreet
2020-05-25 02:22:25.529,Detected text element: non
2020-05-25 02:22:25.529,Detected text element: felis
2020-05-25 02:22:25.530,Detected text element: quis
2020-05-25 02:22:25.531,Detected text element: placerat.
2020-05-25 02:22:25.531,Detected text element: Pellentesque
2020-05-25 02:22:25.532,Detected text element: fermentum
2020-05-25 02:22:25.532,Detected text element: velit
2020-05-25 02:22:25.533,Detected text element: erat,
2020-05-25 02:22:25.534,Detected text element: et
2020-05-25 02:22:25.534,Detected text element: tincidunt
2020-05-25 02:22:25.535,Detected text element: dui
2020-05-25 02:22:25.535,Detected text element: scelerisque
2020-05-25 02:22:25.536,Detected text element: non.
2020-05-25 02:22:25.536,Detected text element: Proin
2020-05-25 02:22:25.537,Detected text element: sem
2020-05-25 02:22:25.538,Detected text element: nisl,
2020-05-25 02:22:25.538,Detected text element: sollicitudin
2020-05-25 02:22:25.539,Detected text element: lobortis
2020-05-25 02:22:25.539,Detected text element: gravida
2020-05-25 02:22:25.540,Detected text element: vel,
2020-05-25 02:22:25.540,Detected text element: malesuada
2020-05-25 02:22:25.541,Detected text element: at
2020-05-25 02:22:25.541,Detected text element: orci.
2020-05-25 02:22:25.542,Detected text element: Phasellus
2020-05-25 02:22:25.542,Detected text element: non
2020-05-25 02:22:25.543,Detected text element: justo
2020-05-25 02:22:25.543,Detected text element: placerat,
2020-05-25 02:22:25.544,Detected text element: lacinia
2020-05-25 02:22:25.545,Detected text element: tellus
2020-05-25 02:22:25.545,Detected text element: in,
2020-05-25 02:22:25.546,Detected text element: mollis
2020-05-25 02:22:25.546,Detected text element: nibh.
2020-05-25 02:22:25.547,Detected text element: Sed
2020-05-25 02:22:25.547,Detected text element: faucibus
2020-05-25 02:22:25.548,Detected text element: velit
2020-05-25 02:22:25.548,Detected text element: tortor,
2020-05-25 02:22:25.549,Detected text element: vitae
2020-05-25 02:22:25.549,Detected text element: congue
2020-05-25 02:22:25.550,Detected text element: arcu
2020-05-25 02:22:25.550,Detected text element: sodales
2020-05-25 02:22:25.550,Detected text element: rutrum.
2020-05-25 02:22:25.551,Detected text element: Proin
2020-05-25 02:22:25.551,Detected text element: consequat
2020-05-25 02:22:25.552,Detected text element: suscipit
2020-05-25 02:22:25.552,Detected text element: sapien,
2020-05-25 02:22:25.553,Detected text element: eget
2020-05-25 02:22:25.553,Detected text element: venenatis
2020-05-25 02:22:25.554,Detected text element: purus
2020-05-25 02:22:25.554,Detected text element: B
2020-05-25 02:22:25.555,End successful result processing
2020-05-25 02:22:25.669,FirebaseVisionTextRecognizer - processImage()
2020-05-25 02:22:27.146,Begin successful result processing
2020-05-25 02:22:27.146,Detected text element: Lorem
2020-05-25 02:22:27.147,Detected text element: ipsum
2020-05-25 02:22:27.147,Detected text element: dolor
2020-05-25 02:22:27.147,Detected text element: sit
2020-05-25 02:22:27.147,Detected text element: amet,
2020-05-25 02:22:27.148,Detected text element: consectetur
2020-05-25 02:22:27.148,Detected text element: adipiscing
2020-05-25 02:22:27.148,Detected text element: elit.
2020-05-25 02:22:27.149,Detected text element: Duis
2020-05-25 02:22:27.149,Detected text element: mollis
2020-05-25 02:22:27.149,Detected text element: interdum
2020-05-25 02:22:27.149,Detected text element: interdum.
2020-05-25 02:22:27.150,Detected text element: Aliquam
2020-05-25 02:22:27.150,Detected text element: laoreet
2020-05-25 02:22:27.150,Detected text element: non
2020-05-25 02:22:27.151,Detected text element: felis
2020-05-25 02:22:27.151,Detected text element: quis
2020-05-25 02:22:27.151,Detected text element: placerat.
2020-05-25 02:22:27.151,Detected text element: Pellentesque
2020-05-25 02:22:27.152,Detected text element: fermentum
2020-05-25 02:22:27.152,Detected text element: velit
2020-05-25 02:22:27.152,Detected text element: erat,
2020-05-25 02:22:27.153,Detected text element: et
2020-05-25 02:22:27.153,Detected text element: tincidunt
2020-05-25 02:22:27.153,Detected text element: dui
2020-05-25 02:22:27.154,Detected text element: scelerisque
2020-05-25 02:22:27.154,Detected text element: non.
2020-05-25 02:22:27.154,Detected text element: Proin
2020-05-25 02:22:27.154,Detected text element: sem
2020-05-25 02:22:27.155,Detected text element: nisl,
2020-05-25 02:22:27.155,Detected text element: sollicitudin
2020-05-25 02:22:27.155,Detected text element: lobortis
2020-05-25 02:22:27.155,Detected text element: gravida
2020-05-25 02:22:27.156,Detected text element: vel,
2020-05-25 02:22:27.156,Detected text element: malesuada
2020-05-25 02:22:27.156,Detected text element: at
2020-05-25 02:22:27.156,Detected text element: orci.
2020-05-25 02:22:27.157,Detected text element: Phasellus
2020-05-25 02:22:27.157,Detected text element: non
2020-05-25 02:22:27.157,Detected text element: justo
2020-05-25 02:22:27.158,Detected text element: placerat,
2020-05-25 02:22:27.158,Detected text element: lacinia
2020-05-25 02:22:27.158,Detected text element: tellus
2020-05-25 02:22:27.158,Detected text element: in,
2020-05-25 02:22:27.159,Detected text element: mollis
2020-05-25 02:22:27.159,Detected text element: nibh.
2020-05-25 02:22:27.159,Detected text element: Sed
2020-05-25 02:22:27.160,Detected text element: faucibus
2020-05-25 02:22:27.160,Detected text element: velit
2020-05-25 02:22:27.160,Detected text element: tortor,
2020-05-25 02:22:27.160,Detected text element: vitae
2020-05-25 02:22:27.161,Detected text element: congue
2020-05-25 02:22:27.161,Detected text element: arcu
2020-05-25 02:22:27.161,Detected text element: sodales
2020-05-25 02:22:27.161,Detected text element: rutrum.
2020-05-25 02:22:27.162,Detected text element: Proin
2020-05-25 02:22:27.162,Detected text element: consequat
2020-05-25 02:22:27.162,Detected text element: suscipit
2020-05-25 02:22:27.163,Detected text element: sapien,
2020-05-25 02:22:27.163,Detected text element: eget
2020-05-25 02:22:27.163,Detected text element: venenatis
2020-05-25 02:22:27.164,Detected text element: purus
2020-05-25 02:22:27.164,Detected text element: B
2020-05-25 02:22:27.164,End successful result processing
2020-05-25 02:22:27.303,FirebaseVisionTextRecognizer - processImage()
2020-05-25 02:22:28.275,Begin successful result processing
2020-05-25 02:22:28.275,Detected text element: Lorem
2020-05-25 02:22:28.275,Detected text element: ipsum
2020-05-25 02:22:28.275,Detected text element: dolor
2020-05-25 02:22:28.275,Detected text element: sit
2020-05-25 02:22:28.276,Detected text element: amet,
2020-05-25 02:22:28.276,Detected text element: consectetur
2020-05-25 02:22:28.276,Detected text element: adipiscing
2020-05-25 02:22:28.276,Detected text element: elit.
2020-05-25 02:22:28.276,Detected text element: Duis
2020-05-25 02:22:28.277,Detected text element: mollis
2020-05-25 02:22:28.277,Detected text element: interdum
2020-05-25 02:22:28.277,Detected text element: interdum.
2020-05-25 02:22:28.277,Detected text element: Aliquam
2020-05-25 02:22:28.277,Detected text element: laoreet
2020-05-25 02:22:28.278,Detected text element: non
2020-05-25 02:22:28.278,Detected text element: felis
2020-05-25 02:22:28.278,Detected text element: quis
2020-05-25 02:22:28.278,Detected text element: placerat.
2020-05-25 02:22:28.278,Detected text element: Pellentesque
2020-05-25 02:22:28.279,Detected text element: fermentum
2020-05-25 02:22:28.279,Detected text element: velit
2020-05-25 02:22:28.279,Detected text element: erat,
2020-05-25 02:22:28.279,Detected text element: et
2020-05-25 02:22:28.279,Detected text element: tincidunt
2020-05-25 02:22:28.280,Detected text element: dui
2020-05-25 02:22:28.280,Detected text element: scelerisque
2020-05-25 02:22:28.280,Detected text element: non.
2020-05-25 02:22:28.280,Detected text element: Proin
2020-05-25 02:22:28.280,Detected text element: sem
2020-05-25 02:22:28.281,Detected text element: nisl,
2020-05-25 02:22:28.281,Detected text element: sollicitudin
2020-05-25 02:22:28.281,Detected text element: lobortis
2020-05-25 02:22:28.281,Detected text element: gravida
2020-05-25 02:22:28.281,Detected text element: vel,
2020-05-25 02:22:28.282,Detected text element: malesuada
2020-05-25 02:22:28.282,Detected text element: at
2020-05-25 02:22:28.282,Detected text element: orci.
2020-05-25 02:22:28.282,Detected text element: Phasellus
2020-05-25 02:22:28.282,Detected text element: non
2020-05-25 02:22:28.283,Detected text element: justo
2020-05-25 02:22:28.283,Detected text element: placerat,
2020-05-25 02:22:28.283,Detected text element: lacinia
2020-05-25 02:22:28.283,Detected text element: tellus
2020-05-25 02:22:28.284,Detected text element: in,
2020-05-25 02:22:28.284,Detected text element: mollis
2020-05-25 02:22:28.284,Detected text element: nibh.
2020-05-25 02:22:28.284,Detected text element: Sed
2020-05-25 02:22:28.284,Detected text element: faucibus
2020-05-25 02:22:28.285,Detected text element: velit
2020-05-25 02:22:28.285,Detected text element: tortor,
2020-05-25 02:22:28.285,Detected text element: vitae
2020-05-25 02:22:28.285,Detected text element: congue
2020-05-25 02:22:28.285,Detected text element: arcu
2020-05-25 02:22:28.286,Detected text element: sodales
2020-05-25 02:22:28.286,Detected text element: rutrum.
2020-05-25 02:22:28.286,Detected text element: Proin
2020-05-25 02:22:28.286,Detected text element: consequat
2020-05-25 02:22:28.286,Detected text element: suscipit
2020-05-25 02:22:28.287,Detected text element: sapien,
2020-05-25 02:22:28.287,Detected text element: eget
2020-05-25 02:22:28.287,Detected text element: venenatis
2020-05-25 02:22:28.287,Detected text element: purus
2020-05-25 02:22:28.287,End successful result processing
2020-05-25 02:22:28.417,FirebaseVisionTextRecognizer - processImage()
2020-05-25 02:22:29.489,Begin successful result processing
2020-05-25 02:22:29.489,Detected text element: Lorem
2020-05-25 02:22:29.490,Detected text element: ipsum
2020-05-25 02:22:29.490,Detected text element: dolor
2020-05-25 02:22:29.490,Detected text element: sit
2020-05-25 02:22:29.490,Detected text element: amet,
2020-05-25 02:22:29.490,Detected text element: consectetur
2020-05-25 02:22:29.490,Detected text element: adipiscing
2020-05-25 02:22:29.490,Detected text element: elit.
2020-05-25 02:22:29.491,Detected text element: Duis
2020-05-25 02:22:29.491,Detected text element: mollis
2020-05-25 02:22:29.491,Detected text element: interdum
2020-05-25 02:22:29.491,Detected text element: interdum.
2020-05-25 02:22:29.491,Detected text element: Aliquam
2020-05-25 02:22:29.491,Detected text element: laoreet
2020-05-25 02:22:29.491,Detected text element: non
2020-05-25 02:22:29.491,Detected text element: felis
2020-05-25 02:22:29.492,Detected text element: quis
2020-05-25 02:22:29.492,Detected text element: placerat.
2020-05-25 02:22:29.492,Detected text element: Pellentesque
2020-05-25 02:22:29.492,Detected text element: fermentum
2020-05-25 02:22:29.492,Detected text element: velit
2020-05-25 02:22:29.492,Detected text element: erat,
2020-05-25 02:22:29.492,Detected text element: et
2020-05-25 02:22:29.492,Detected text element: tincidunt
2020-05-25 02:22:29.492,Detected text element: dui
2020-05-25 02:22:29.493,Detected text element: scelerisque
2020-05-25 02:22:29.493,Detected text element: non.
2020-05-25 02:22:29.493,Detected text element: Proin
2020-05-25 02:22:29.493,Detected text element: sem
2020-05-25 02:22:29.493,Detected text element: nisl,
2020-05-25 02:22:29.493,Detected text element: sollicitudin
2020-05-25 02:22:29.493,Detected text element: lobortis
2020-05-25 02:22:29.494,Detected text element: gravida
2020-05-25 02:22:29.494,Detected text element: vel,
2020-05-25 02:22:29.494,Detected text element: malesuada
2020-05-25 02:22:29.494,Detected text element: at
2020-05-25 02:22:29.494,Detected text element: orci.
2020-05-25 02:22:29.494,Detected text element: Phasellus
2020-05-25 02:22:29.494,Detected text element: non
2020-05-25 02:22:29.494,Detected text element: justo
2020-05-25 02:22:29.495,Detected text element: placerat,
2020-05-25 02:22:29.495,Detected text element: lacinia
2020-05-25 02:22:29.495,Detected text element: tellus
2020-05-25 02:22:29.495,Detected text element: in,
2020-05-25 02:22:29.495,Detected text element: mollis
2020-05-25 02:22:29.495,Detected text element: nibh.
2020-05-25 02:22:29.495,Detected text element: Sed
2020-05-25 02:22:29.495,Detected text element: faucibus
2020-05-25 02:22:29.496,Detected text element: velit
2020-05-25 02:22:29.496,Detected text element: tortor,
2020-05-25 02:22:29.496,Detected text element: vitae
2020-05-25 02:22:29.496,Detected text element: congue
2020-05-25 02:22:29.496,Detected text element: arcu
2020-05-25 02:22:29.496,Detected text element: sodales
2020-05-25 02:22:29.496,Detected text element: rutrum.
2020-05-25 02:22:29.496,Detected text element: Proin
2020-05-25 02:22:29.497,Detected text element: consequat
2020-05-25 02:22:29.497,Detected text element: suscipit
2020-05-25 02:22:29.497,Detected text element: sapien,
2020-05-25 02:22:29.497,Detected text element: eget
2020-05-25 02:22:29.497,Detected text element: venenatis
2020-05-25 02:22:29.497,Detected text element: purus
2020-05-25 02:22:29.497,End successful result processing
2020-05-25 02:22:29.631,FirebaseVisionTextRecognizer - processImage()
2020-05-25 02:22:30.726,Begin successful result processing
2020-05-25 02:22:30.727,Detected text element: Lorem
2020-05-25 02:22:30.727,Detected text element: ipsum
2020-05-25 02:22:30.727,Detected text element: dolor
2020-05-25 02:22:30.727,Detected text element: sit
2020-05-25 02:22:30.727,Detected text element: amet,
2020-05-25 02:22:30.727,Detected text element: consectetur
2020-05-25 02:22:30.727,Detected text element: adipiscing
2020-05-25 02:22:30.727,Detected text element: elit.
2020-05-25 02:22:30.727,Detected text element: Duis
2020-05-25 02:22:30.727,Detected text element: mollis
2020-05-25 02:22:30.728,Detected text element: interdum
2020-05-25 02:22:30.728,Detected text element: interdum.
2020-05-25 02:22:30.728,Detected text element: Aliquam
2020-05-25 02:22:30.728,Detected text element: laoreet
2020-05-25 02:22:30.728,Detected text element: non
2020-05-25 02:22:30.728,Detected text element: felis
2020-05-25 02:22:30.728,Detected text element: quis
2020-05-25 02:22:30.728,Detected text element: placerat.
2020-05-25 02:22:30.728,Detected text element: Pellentesque
2020-05-25 02:22:30.729,Detected text element: fermentum
2020-05-25 02:22:30.729,Detected text element: velit
2020-05-25 02:22:30.729,Detected text element: erat,
2020-05-25 02:22:30.729,Detected text element: et
2020-05-25 02:22:30.729,Detected text element: tincidunt
2020-05-25 02:22:30.729,Detected text element: dui
2020-05-25 02:22:30.729,Detected text element: scelerisque
2020-05-25 02:22:30.729,Detected text element: non.
2020-05-25 02:22:30.729,Detected text element: Proin
2020-05-25 02:22:30.729,Detected text element: sem
2020-05-25 02:22:30.730,Detected text element: nisl,
2020-05-25 02:22:30.730,Detected text element: sollicitudin
2020-05-25 02:22:30.730,Detected text element: lobortis
2020-05-25 02:22:30.730,Detected text element: gravida
2020-05-25 02:22:30.730,Detected text element: vel,
2020-05-25 02:22:30.730,Detected text element: malesuada
2020-05-25 02:22:30.730,Detected text element: at
2020-05-25 02:22:30.731,Detected text element: orci.
2020-05-25 02:22:30.731,Detected text element: Phasellus
2020-05-25 02:22:30.731,Detected text element: non
2020-05-25 02:22:30.731,Detected text element: justo
2020-05-25 02:22:30.731,Detected text element: placerat,
2020-05-25 02:22:30.731,Detected text element: lacinia
2020-05-25 02:22:30.731,Detected text element: tellus
2020-05-25 02:22:30.731,Detected text element: in,
2020-05-25 02:22:30.731,Detected text element: mollis
2020-05-25 02:22:30.732,Detected text element: nibh.
2020-05-25 02:22:30.732,Detected text element: Sed
2020-05-25 02:22:30.732,Detected text element: faucibus
2020-05-25 02:22:30.732,Detected text element: velit
2020-05-25 02:22:30.732,Detected text element: tortor,
2020-05-25 02:22:30.732,Detected text element: vitae
2020-05-25 02:22:30.732,Detected text element: congue
2020-05-25 02:22:30.732,Detected text element: arcu
2020-05-25 02:22:30.733,Detected text element: sodales
2020-05-25 02:22:30.733,Detected text element: rutrum.
2020-05-25 02:22:30.733,Detected text element: Proin
2020-05-25 02:22:30.733,Detected text element: consequat
2020-05-25 02:22:30.733,Detected text element: suscipit
2020-05-25 02:22:30.733,Detected text element: sapien,
2020-05-25 02:22:30.733,Detected text element: eget
2020-05-25 02:22:30.733,Detected text element: venenatis
2020-05-25 02:22:30.733,Detected text element: purus
2020-05-25 02:22:30.734,End successful result processing
2020-05-25 02:22:30.859,FirebaseVisionTextRecognizer - processImage()
2020-05-25 02:22:31.933,Begin successful result processing
2020-05-25 02:22:31.933,Detected text element: Lorem
2020-05-25 02:22:31.933,Detected text element: ipsum
2020-05-25 02:22:31.934,Detected text element: dolor
2020-05-25 02:22:31.934,Detected text element: sit
2020-05-25 02:22:31.934,Detected text element: amet,
2020-05-25 02:22:31.934,Detected text element: consectetur
2020-05-25 02:22:31.934,Detected text element: adipiscing
2020-05-25 02:22:31.934,Detected text element: elit.
2020-05-25 02:22:31.934,Detected text element: Duis
2020-05-25 02:22:31.934,Detected text element: mollis
2020-05-25 02:22:31.934,Detected text element: interdum
2020-05-25 02:22:31.934,Detected text element: interdum.
2020-05-25 02:22:31.935,Detected text element: Aliquam
2020-05-25 02:22:31.935,Detected text element: laoreet
2020-05-25 02:22:31.935,Detected text element: non
2020-05-25 02:22:31.935,Detected text element: felis
2020-05-25 02:22:31.935,Detected text element: quis
2020-05-25 02:22:31.935,Detected text element: placerat.
2020-05-25 02:22:31.935,Detected text element: Pellentesque
2020-05-25 02:22:31.935,Detected text element: fermentum
2020-05-25 02:22:31.935,Detected text element: velit
2020-05-25 02:22:31.935,Detected text element: erat,
2020-05-25 02:22:31.935,Detected text element: et
2020-05-25 02:22:31.936,Detected text element: tincidunt
2020-05-25 02:22:31.936,Detected text element: dui
2020-05-25 02:22:31.936,Detected text element: scelerisque
2020-05-25 02:22:31.936,Detected text element: non.
2020-05-25 02:22:31.936,Detected text element: Proin
2020-05-25 02:22:31.936,Detected text element: sem
2020-05-25 02:22:31.936,Detected text element: nisl,
2020-05-25 02:22:31.936,Detected text element: sollicitudin
2020-05-25 02:22:31.936,Detected text element: lobortis
2020-05-25 02:22:31.936,Detected text element: gravida
2020-05-25 02:22:31.937,Detected text element: vel,
2020-05-25 02:22:31.937,Detected text element: malesuada
2020-05-25 02:22:31.937,Detected text element: at
2020-05-25 02:22:31.937,Detected text element: orci.
2020-05-25 02:22:31.937,Detected text element: Phasellus
2020-05-25 02:22:31.937,Detected text element: non
2020-05-25 02:22:31.937,Detected text element: justo
2020-05-25 02:22:31.937,Detected text element: placerat,
2020-05-25 02:22:31.937,Detected text element: lacinia
2020-05-25 02:22:31.937,Detected text element: tellus
2020-05-25 02:22:31.937,Detected text element: in,
2020-05-25 02:22:31.938,Detected text element: mollis
2020-05-25 02:22:31.938,Detected text element: nibh.
2020-05-25 02:22:31.938,Detected text element: Sed
2020-05-25 02:22:31.938,Detected text element: faucibus
2020-05-25 02:22:31.938,Detected text element: velit
2020-05-25 02:22:31.938,Detected text element: tortor,
2020-05-25 02:22:31.938,Detected text element: vitae
2020-05-25 02:22:31.938,Detected text element: congue
2020-05-25 02:22:31.938,Detected text element: arcu
2020-05-25 02:22:31.938,Detected text element: sodales
2020-05-25 02:22:31.939,Detected text element: rutrum.
2020-05-25 02:22:31.939,Detected text element: Proin
2020-05-25 02:22:31.939,Detected text element: consequat
2020-05-25 02:22:31.939,Detected text element: suscipit
2020-05-25 02:22:31.939,Detected text element: sapien,
2020-05-25 02:22:31.939,Detected text element: eget
2020-05-25 02:22:31.939,Detected text element: venenatis
2020-05-25 02:22:31.939,Detected text element: purus
2020-05-25 02:22:31.939,End successful result processing
2020-05-25 02:22:32.073,FirebaseVisionTextRecognizer - processImage()
2020-05-25 02:22:33.065,Begin successful result processing
2020-05-25 02:22:33.065,Detected text element: Lorem
2020-05-25 02:22:33.065,Detected text element: ipsum
2020-05-25 02:22:33.066,Detected text element: dolor
2020-05-25 02:22:33.066,Detected text element: sit
2020-05-25 02:22:33.066,Detected text element: amet,
2020-05-25 02:22:33.066,Detected text element: consectetur
2020-05-25 02:22:33.066,Detected text element: adipiscing
2020-05-25 02:22:33.066,Detected text element: elit.
2020-05-25 02:22:33.066,Detected text element: Duis
2020-05-25 02:22:33.066,Detected text element: mollis
2020-05-25 02:22:33.066,Detected text element: interdum
2020-05-25 02:22:33.066,Detected text element: interdum.
2020-05-25 02:22:33.067,Detected text element: Aliquam
2020-05-25 02:22:33.067,Detected text element: laoreet
2020-05-25 02:22:33.067,Detected text element: non
2020-05-25 02:22:33.067,Detected text element: felis
2020-05-25 02:22:33.067,Detected text element: quis
2020-05-25 02:22:33.067,Detected text element: placerat.
2020-05-25 02:22:33.067,Detected text element: Pellentesque
2020-05-25 02:22:33.067,Detected text element: fermentum
2020-05-25 02:22:33.068,Detected text element: velit
2020-05-25 02:22:33.068,Detected text element: erat,
2020-05-25 02:22:33.068,Detected text element: et
2020-05-25 02:22:33.068,Detected text element: tincidunt
2020-05-25 02:22:33.068,Detected text element: dui
2020-05-25 02:22:33.068,Detected text element: scelerisque
2020-05-25 02:22:33.068,Detected text element: non.
2020-05-25 02:22:33.068,Detected text element: Proin
2020-05-25 02:22:33.068,Detected text element: sem
2020-05-25 02:22:33.068,Detected text element: nisl,
2020-05-25 02:22:33.069,Detected text element: sollicitudin
2020-05-25 02:22:33.069,Detected text element: lobortis
2020-05-25 02:22:33.069,Detected text element: gravida
2020-05-25 02:22:33.069,Detected text element: vel,
2020-05-25 02:22:33.069,Detected text element: malesuada
2020-05-25 02:22:33.069,Detected text element: at
2020-05-25 02:22:33.069,Detected text element: orci.
2020-05-25 02:22:33.069,Detected text element: Phasellus
2020-05-25 02:22:33.069,Detected text element: non
2020-05-25 02:22:33.069,Detected text element: justo
2020-05-25 02:22:33.070,Detected text element: placerat,
2020-05-25 02:22:33.070,Detected text element: lacinia
2020-05-25 02:22:33.070,Detected text element: tellus
2020-05-25 02:22:33.070,Detected text element: in,
2020-05-25 02:22:33.070,Detected text element: mollis
2020-05-25 02:22:33.070,Detected text element: nibh.
2020-05-25 02:22:33.070,Detected text element: Sed
2020-05-25 02:22:33.070,Detected text element: faucibus
2020-05-25 02:22:33.070,Detected text element: velit
2020-05-25 02:22:33.070,Detected text element: tortor,
2020-05-25 02:22:33.070,Detected text element: vitae
2020-05-25 02:22:33.071,Detected text element: congue
2020-05-25 02:22:33.071,Detected text element: arcu
2020-05-25 02:22:33.071,Detected text element: sodales
2020-05-25 02:22:33.071,Detected text element: rutrum.
2020-05-25 02:22:33.071,Detected text element: Proin
2020-05-25 02:22:33.071,Detected text element: consequat
2020-05-25 02:22:33.071,Detected text element: suscipit
2020-05-25 02:22:33.071,Detected text element: sapien,
2020-05-25 02:22:33.071,Detected text element: eget
2020-05-25 02:22:33.071,Detected text element: venenatis
2020-05-25 02:22:33.072,Detected text element: purus
2020-05-25 02:22:33.072,End successful result processing
2020-05-25 02:22:33.200,FirebaseVisionTextRecognizer - processImage()
2020-05-25 02:22:34.402,Begin successful result processing
2020-05-25 02:22:34.402,Detected text element: Lorem
2020-05-25 02:22:34.403,Detected text element: ipsum
2020-05-25 02:22:34.403,Detected text element: dolor
2020-05-25 02:22:34.403,Detected text element: sit
2020-05-25 02:22:34.403,Detected text element: amet,
2020-05-25 02:22:34.403,Detected text element: consectetur
2020-05-25 02:22:34.403,Detected text element: adipiscing
2020-05-25 02:22:34.403,Detected text element: elit.
2020-05-25 02:22:34.403,Detected text element: Duis
2020-05-25 02:22:34.404,Detected text element: mollis
2020-05-25 02:22:34.404,Detected text element: interdum
2020-05-25 02:22:34.404,Detected text element: interdum.
2020-05-25 02:22:34.404,Detected text element: Aliquam
2020-05-25 02:22:34.404,Detected text element: laoreet
2020-05-25 02:22:34.404,Detected text element: non
2020-05-25 02:22:34.404,Detected text element: felis
2020-05-25 02:22:34.404,Detected text element: quis
2020-05-25 02:22:34.404,Detected text element: placerat.
2020-05-25 02:22:34.404,Detected text element: Pellentesque
2020-05-25 02:22:34.405,Detected text element: fermentum
2020-05-25 02:22:34.405,Detected text element: velit
2020-05-25 02:22:34.405,Detected text element: erat,
2020-05-25 02:22:34.405,Detected text element: et
2020-05-25 02:22:34.405,Detected text element: tincidunt
2020-05-25 02:22:34.405,Detected text element: dui
2020-05-25 02:22:34.405,Detected text element: scelerisque
2020-05-25 02:22:34.405,Detected text element: non.
2020-05-25 02:22:34.405,Detected text element: Proin
2020-05-25 02:22:34.405,Detected text element: sem
2020-05-25 02:22:34.406,Detected text element: nisl,
2020-05-25 02:22:34.406,Detected text element: sollicitudin
2020-05-25 02:22:34.406,Detected text element: lobortis
2020-05-25 02:22:34.406,Detected text element: gravida
2020-05-25 02:22:34.406,Detected text element: vel,
2020-05-25 02:22:34.406,Detected text element: malesuada
2020-05-25 02:22:34.406,Detected text element: at
2020-05-25 02:22:34.406,Detected text element: orci.
2020-05-25 02:22:34.406,Detected text element: Phasellus
2020-05-25 02:22:34.407,Detected text element: non
2020-05-25 02:22:34.407,Detected text element: justo
2020-05-25 02:22:34.407,Detected text element: placerat,
2020-05-25 02:22:34.407,Detected text element: lacinia
2020-05-25 02:22:34.407,Detected text element: tellus
2020-05-25 02:22:34.407,Detected text element: in,
2020-05-25 02:22:34.407,Detected text element: mollis
2020-05-25 02:22:34.407,Detected text element: nibh.
2020-05-25 02:22:34.407,Detected text element: Sed
2020-05-25 02:22:34.407,Detected text element: faucibus
2020-05-25 02:22:34.408,Detected text element: velit
2020-05-25 02:22:34.408,Detected text element: tortor,
2020-05-25 02:22:34.408,Detected text element: vitae
2020-05-25 02:22:34.408,Detected text element: congue
2020-05-25 02:22:34.408,Detected text element: arcu
2020-05-25 02:22:34.408,Detected text element: sodales
2020-05-25 02:22:34.408,Detected text element: rutrum.
2020-05-25 02:22:34.409,Detected text element: Proin
2020-05-25 02:22:34.409,Detected text element: consequat
2020-05-25 02:22:34.409,Detected text element: suscipit
2020-05-25 02:22:34.409,Detected text element: sapien,
2020-05-25 02:22:34.409,Detected text element: eget
2020-05-25 02:22:34.409,Detected text element: venenatis
2020-05-25 02:22:34.409,Detected text element: purus
2020-05-25 02:22:34.409,End successful result processing
2020-05-25 02:22:34.516,FirebaseVisionTextRecognizer - processImage()
2020-05-25 02:22:35.615,Begin successful result processing
2020-05-25 02:22:35.615,Detected text element: Lorem
2020-05-25 02:22:35.615,Detected text element: ipsum
2020-05-25 02:22:35.615,Detected text element: dolor
2020-05-25 02:22:35.615,Detected text element: sit
2020-05-25 02:22:35.615,Detected text element: amet,
2020-05-25 02:22:35.616,Detected text element: consectetur
2020-05-25 02:22:35.616,Detected text element: adipiscing
2020-05-25 02:22:35.616,Detected text element: elit.
2020-05-25 02:22:35.616,Detected text element: Duis
2020-05-25 02:22:35.616,Detected text element: mollis
2020-05-25 02:22:35.616,Detected text element: interdum
2020-05-25 02:22:35.616,Detected text element: interdum.
2020-05-25 02:22:35.616,Detected text element: Aliquam
2020-05-25 02:22:35.616,Detected text element: laoreet
2020-05-25 02:22:35.616,Detected text element: non
2020-05-25 02:22:35.616,Detected text element: felis
2020-05-25 02:22:35.617,Detected text element: quis
2020-05-25 02:22:35.617,Detected text element: placerat.
2020-05-25 02:22:35.617,Detected text element: Pellentesque
2020-05-25 02:22:35.617,Detected text element: fermentum
2020-05-25 02:22:35.617,Detected text element: velit
2020-05-25 02:22:35.617,Detected text element: erat,
2020-05-25 02:22:35.617,Detected text element: et
2020-05-25 02:22:35.617,Detected text element: tincidunt
2020-05-25 02:22:35.617,Detected text element: dui
2020-05-25 02:22:35.618,Detected text element: scelerisque
2020-05-25 02:22:35.618,Detected text element: non.
2020-05-25 02:22:35.618,Detected text element: Proin
2020-05-25 02:22:35.618,Detected text element: sem
2020-05-25 02:22:35.618,Detected text element: nisl,
2020-05-25 02:22:35.618,Detected text element: sollicitudin
2020-05-25 02:22:35.618,Detected text element: lobortis
2020-05-25 02:22:35.618,Detected text element: gravida
2020-05-25 02:22:35.618,Detected text element: vel,
2020-05-25 02:22:35.618,Detected text element: malesuada
2020-05-25 02:22:35.618,Detected text element: at
2020-05-25 02:22:35.619,Detected text element: orci.
2020-05-25 02:22:35.619,Detected text element: Phasellus
2020-05-25 02:22:35.619,Detected text element: non
2020-05-25 02:22:35.619,Detected text element: justo
2020-05-25 02:22:35.619,Detected text element: placerat,
2020-05-25 02:22:35.619,Detected text element: lacinia
2020-05-25 02:22:35.619,Detected text element: tellus
2020-05-25 02:22:35.619,Detected text element: in,
2020-05-25 02:22:35.619,Detected text element: mollis
2020-05-25 02:22:35.620,Detected text element: nibh.
2020-05-25 02:22:35.620,Detected text element: Sed
2020-05-25 02:22:35.620,Detected text element: faucibus
2020-05-25 02:22:35.620,Detected text element: velit
2020-05-25 02:22:35.620,Detected text element: tortor,
2020-05-25 02:22:35.620,Detected text element: vitae
2020-05-25 02:22:35.620,Detected text element: congue
2020-05-25 02:22:35.620,Detected text element: arcu
2020-05-25 02:22:35.620,Detected text element: sodales
2020-05-25 02:22:35.620,Detected text element: rutrum.
2020-05-25 02:22:35.621,Detected text element: Proin
2020-05-25 02:22:35.621,Detected text element: consequat
2020-05-25 02:22:35.621,Detected text element: suscipit
2020-05-25 02:22:35.621,Detected text element: sapien,
2020-05-25 02:22:35.621,Detected text element: eget
2020-05-25 02:22:35.621,Detected text element: venenatis
2020-05-25 02:22:35.621,Detected text element: purus
2020-05-25 02:22:35.621,End successful result processing
2020-05-25 02:22:35.740,FirebaseVisionTextRecognizer - processImage()
2020-05-25 02:22:36.972,Begin successful result processing
2020-05-25 02:22:36.972,Detected text element: Lorem
2020-05-25 02:22:36.972,Detected text element: ipsum
2020-05-25 02:22:36.972,Detected text element: dolor
2020-05-25 02:22:36.972,Detected text element: sit
2020-05-25 02:22:36.973,Detected text element: amet,
2020-05-25 02:22:36.973,Detected text element: consectetur
2020-05-25 02:22:36.973,Detected text element: adipiscing
2020-05-25 02:22:36.973,Detected text element: elit.
2020-05-25 02:22:36.973,Detected text element: Duis
2020-05-25 02:22:36.973,Detected text element: mollis
2020-05-25 02:22:36.973,Detected text element: interdum
2020-05-25 02:22:36.973,Detected text element: interdum.
2020-05-25 02:22:36.973,Detected text element: Aliquam
2020-05-25 02:22:36.974,Detected text element: laoreet
2020-05-25 02:22:36.974,Detected text element: non
2020-05-25 02:22:36.974,Detected text element: felis
2020-05-25 02:22:36.974,Detected text element: quis
2020-05-25 02:22:36.974,Detected text element: placerat.
2020-05-25 02:22:36.974,Detected text element: Pellentesque
2020-05-25 02:22:36.974,Detected text element: fermentum
2020-05-25 02:22:36.974,Detected text element: velit
2020-05-25 02:22:36.974,Detected text element: erat,
2020-05-25 02:22:36.974,Detected text element: et
2020-05-25 02:22:36.975,Detected text element: tincidunt
2020-05-25 02:22:36.975,Detected text element: dui
2020-05-25 02:22:36.975,Detected text element: scelerisque
2020-05-25 02:22:36.975,Detected text element: non.
2020-05-25 02:22:36.975,Detected text element: Proin
2020-05-25 02:22:36.975,Detected text element: sem
2020-05-25 02:22:36.975,Detected text element: nisl,
2020-05-25 02:22:36.975,Detected text element: sollicitudin
2020-05-25 02:22:36.975,Detected text element: lobortis
2020-05-25 02:22:36.976,Detected text element: gravida
2020-05-25 02:22:36.976,Detected text element: vel,
2020-05-25 02:22:36.976,Detected text element: malesuada
2020-05-25 02:22:36.976,Detected text element: at
2020-05-25 02:22:36.976,Detected text element: orci.
2020-05-25 02:22:36.976,Detected text element: Phasellus
2020-05-25 02:22:36.976,Detected text element: non
2020-05-25 02:22:36.976,Detected text element: justo
2020-05-25 02:22:36.977,Detected text element: placerat,
2020-05-25 02:22:36.977,Detected text element: lacinia
2020-05-25 02:22:36.977,Detected text element: tellus
2020-05-25 02:22:36.977,Detected text element: in,
2020-05-25 02:22:36.977,Detected text element: mollis
2020-05-25 02:22:36.977,Detected text element: nibh.
2020-05-25 02:22:36.977,Detected text element: Sed
2020-05-25 02:22:36.977,Detected text element: faucibus
2020-05-25 02:22:36.977,Detected text element: velit
2020-05-25 02:22:36.977,Detected text element: tortor,
2020-05-25 02:22:36.978,Detected text element: vitae
2020-05-25 02:22:36.978,Detected text element: congue
2020-05-25 02:22:36.978,Detected text element: arcu
2020-05-25 02:22:36.978,Detected text element: sodales
2020-05-25 02:22:36.978,Detected text element: rutrum.
2020-05-25 02:22:36.978,Detected text element: Proin
2020-05-25 02:22:36.978,Detected text element: consequat
2020-05-25 02:22:36.978,Detected text element: suscipit
2020-05-25 02:22:36.978,Detected text element: sapien,
2020-05-25 02:22:36.978,Detected text element: eget
2020-05-25 02:22:36.979,Detected text element: venenatis
2020-05-25 02:22:36.979,Detected text element: purus
2020-05-25 02:22:36.979,End successful result processing
2020-05-25 02:22:37.102,FirebaseVisionTextRecognizer - processImage()
2020-05-25 02:22:38.123,Begin successful result processing
2020-05-25 02:22:38.123,Detected text element: Lorem
2020-05-25 02:22:38.123,Detected text element: ipsum
2020-05-25 02:22:38.123,Detected text element: dolor
2020-05-25 02:22:38.123,Detected text element: sit
2020-05-25 02:22:38.123,Detected text element: amet,
2020-05-25 02:22:38.123,Detected text element: consectetur
2020-05-25 02:22:38.123,Detected text element: adipiscing
2020-05-25 02:22:38.124,Detected text element: elit.
2020-05-25 02:22:38.124,Detected text element: Duis
2020-05-25 02:22:38.124,Detected text element: mollis
2020-05-25 02:22:38.124,Detected text element: interdum
2020-05-25 02:22:38.124,Detected text element: interdum.
2020-05-25 02:22:38.124,Detected text element: Aliquam
2020-05-25 02:22:38.124,Detected text element: laoreet
2020-05-25 02:22:38.124,Detected text element: non
2020-05-25 02:22:38.124,Detected text element: felis
2020-05-25 02:22:38.124,Detected text element: quis
2020-05-25 02:22:38.125,Detected text element: placerat.
2020-05-25 02:22:38.125,Detected text element: Pellentesque
2020-05-25 02:22:38.125,Detected text element: fermentum
2020-05-25 02:22:38.125,Detected text element: velit
2020-05-25 02:22:38.125,Detected text element: erat,
2020-05-25 02:22:38.125,Detected text element: et
2020-05-25 02:22:38.125,Detected text element: tincidunt
2020-05-25 02:22:38.125,Detected text element: dui
2020-05-25 02:22:38.125,Detected text element: scelerisque
2020-05-25 02:22:38.125,Detected text element: non.
2020-05-25 02:22:38.125,Detected text element: Proin
2020-05-25 02:22:38.126,Detected text element: sem
2020-05-25 02:22:38.126,Detected text element: nisl,
2020-05-25 02:22:38.126,Detected text element: sollicitudin
2020-05-25 02:22:38.126,Detected text element: lobortis
2020-05-25 02:22:38.126,Detected text element: gravida
2020-05-25 02:22:38.126,Detected text element: vel,
2020-05-25 02:22:38.126,Detected text element: malesuada
2020-05-25 02:22:38.126,Detected text element: at
2020-05-25 02:22:38.126,Detected text element: orci.
2020-05-25 02:22:38.126,Detected text element: Phasellus
2020-05-25 02:22:38.127,Detected text element: non
2020-05-25 02:22:38.127,Detected text element: justo
2020-05-25 02:22:38.127,Detected text element: placerat,
2020-05-25 02:22:38.127,Detected text element: lacinia
2020-05-25 02:22:38.127,Detected text element: tellus
2020-05-25 02:22:38.127,Detected text element: in,
2020-05-25 02:22:38.127,Detected text element: mollis
2020-05-25 02:22:38.127,Detected text element: nibh.
2020-05-25 02:22:38.127,Detected text element: Sed
2020-05-25 02:22:38.127,Detected text element: faucibus
2020-05-25 02:22:38.127,Detected text element: velit
2020-05-25 02:22:38.128,Detected text element: tortor,
2020-05-25 02:22:38.128,Detected text element: vitae
2020-05-25 02:22:38.128,Detected text element: congue
2020-05-25 02:22:38.128,Detected text element: arcu
2020-05-25 02:22:38.128,Detected text element: sodales
2020-05-25 02:22:38.128,Detected text element: rutrum.
2020-05-25 02:22:38.128,Detected text element: Proin
2020-05-25 02:22:38.128,Detected text element: consequat
2020-05-25 02:22:38.128,Detected text element: suscipit
2020-05-25 02:22:38.128,Detected text element: sapien,
2020-05-25 02:22:38.129,Detected text element: eget
2020-05-25 02:22:38.129,Detected text element: venenatis
2020-05-25 02:22:38.129,Detected text element: purus
2020-05-25 02:22:38.129,End successful result processing
2020-05-25 02:22:38.285,FirebaseVisionTextRecognizer - processImage()
2020-05-25 02:22:39.421,Begin successful result processing
2020-05-25 02:22:39.421,Detected text element: Lorem
2020-05-25 02:22:39.421,Detected text element: ipsum
2020-05-25 02:22:39.421,Detected text element: dolor
2020-05-25 02:22:39.421,Detected text element: sit
2020-05-25 02:22:39.421,Detected text element: amet,
2020-05-25 02:22:39.421,Detected text element: consectetur
2020-05-25 02:22:39.422,Detected text element: adipiscing
2020-05-25 02:22:39.422,Detected text element: elit.
2020-05-25 02:22:39.422,Detected text element: Duis
2020-05-25 02:22:39.422,Detected text element: mollis
2020-05-25 02:22:39.422,Detected text element: interdum
2020-05-25 02:22:39.422,Detected text element: interdum.
2020-05-25 02:22:39.422,Detected text element: Aliquam
2020-05-25 02:22:39.422,Detected text element: laoreet
2020-05-25 02:22:39.422,Detected text element: non
2020-05-25 02:22:39.422,Detected text element: felis
2020-05-25 02:22:39.423,Detected text element: quis
2020-05-25 02:22:39.423,Detected text element: placerat.
2020-05-25 02:22:39.423,Detected text element: Pellentesque
2020-05-25 02:22:39.423,Detected text element: fermentum
2020-05-25 02:22:39.423,Detected text element: velit
2020-05-25 02:22:39.423,Detected text element: erat,
2020-05-25 02:22:39.423,Detected text element: et
2020-05-25 02:22:39.423,Detected text element: tincidunt
2020-05-25 02:22:39.424,Detected text element: dui
2020-05-25 02:22:39.424,Detected text element: scelerisque
2020-05-25 02:22:39.424,Detected text element: non.
2020-05-25 02:22:39.424,Detected text element: Proin
2020-05-25 02:22:39.424,Detected text element: sem
2020-05-25 02:22:39.424,Detected text element: nisl,
2020-05-25 02:22:39.424,Detected text element: sollicitudin
2020-05-25 02:22:39.424,Detected text element: lobortis
2020-05-25 02:22:39.424,Detected text element: gravida
2020-05-25 02:22:39.424,Detected text element: vel,
2020-05-25 02:22:39.424,Detected text element: malesuada
2020-05-25 02:22:39.425,Detected text element: at
2020-05-25 02:22:39.425,Detected text element: orci.
2020-05-25 02:22:39.425,Detected text element: Phasellus
2020-05-25 02:22:39.425,Detected text element: non
2020-05-25 02:22:39.425,Detected text element: justo
2020-05-25 02:22:39.425,Detected text element: placerat,
2020-05-25 02:22:39.425,Detected text element: lacinia
2020-05-25 02:22:39.425,Detected text element: tellus
2020-05-25 02:22:39.425,Detected text element: in,
2020-05-25 02:22:39.425,Detected text element: mollis
2020-05-25 02:22:39.426,Detected text element: nibh.
2020-05-25 02:22:39.426,Detected text element: Sed
2020-05-25 02:22:39.426,Detected text element: faucibus
2020-05-25 02:22:39.426,Detected text element: velit
2020-05-25 02:22:39.426,Detected text element: tortor,
2020-05-25 02:22:39.426,Detected text element: vitae
2020-05-25 02:22:39.426,Detected text element: congue
2020-05-25 02:22:39.426,Detected text element: arcu
2020-05-25 02:22:39.426,Detected text element: sodales
2020-05-25 02:22:39.426,Detected text element: rutrum.
2020-05-25 02:22:39.426,Detected text element: Proin
2020-05-25 02:22:39.427,Detected text element: consequat
2020-05-25 02:22:39.427,Detected text element: suscipit
2020-05-25 02:22:39.427,Detected text element: sapien,
2020-05-25 02:22:39.427,Detected text element: eget
2020-05-25 02:22:39.427,Detected text element: venenatis
2020-05-25 02:22:39.427,Detected text element: purus
2020-05-25 02:22:39.427,End successful result processing
2020-05-25 02:22:39.562,FirebaseVisionTextRecognizer - processImage()
2020-05-25 02:22:41.159,Begin successful result processing
2020-05-25 02:22:41.159,Detected text element: Lorem
2020-05-25 02:22:41.159,Detected text element: ipsum
2020-05-25 02:22:41.159,Detected text element: dolor
2020-05-25 02:22:41.159,Detected text element: sit
2020-05-25 02:22:41.159,Detected text element: amet,
2020-05-25 02:22:41.160,Detected text element: consectetur
2020-05-25 02:22:41.160,Detected text element: adipiscing
2020-05-25 02:22:41.160,Detected text element: elit.
2020-05-25 02:22:41.160,Detected text element: Duis
2020-05-25 02:22:41.160,Detected text element: mollis
2020-05-25 02:22:41.160,Detected text element: interdum
2020-05-25 02:22:41.160,Detected text element: interdum.
2020-05-25 02:22:41.160,Detected text element: Aliquam
2020-05-25 02:22:41.160,Detected text element: laoreet
2020-05-25 02:22:41.160,Detected text element: non
2020-05-25 02:22:41.161,Detected text element: felis
2020-05-25 02:22:41.161,Detected text element: quis
2020-05-25 02:22:41.161,Detected text element: placerat.
2020-05-25 02:22:41.161,Detected text element: Pellentesque
2020-05-25 02:22:41.161,Detected text element: fermentum
2020-05-25 02:22:41.161,Detected text element: velit
2020-05-25 02:22:41.161,Detected text element: erat,
2020-05-25 02:22:41.161,Detected text element: et
2020-05-25 02:22:41.161,Detected text element: tincidunt
2020-05-25 02:22:41.161,Detected text element: dui
2020-05-25 02:22:41.162,Detected text element: scelerisque
2020-05-25 02:22:41.162,Detected text element: non.
2020-05-25 02:22:41.162,Detected text element: Proin
2020-05-25 02:22:41.162,Detected text element: sem
2020-05-25 02:22:41.162,Detected text element: nisl,
2020-05-25 02:22:41.162,Detected text element: sollicitudin
2020-05-25 02:22:41.162,Detected text element: lobortis
2020-05-25 02:22:41.162,Detected text element: gravida
2020-05-25 02:22:41.162,Detected text element: vel,
2020-05-25 02:22:41.162,Detected text element: malesuada
2020-05-25 02:22:41.162,Detected text element: at
2020-05-25 02:22:41.163,Detected text element: orci.
2020-05-25 02:22:41.163,Detected text element: Phasellus
2020-05-25 02:22:41.163,Detected text element: non
2020-05-25 02:22:41.163,Detected text element: justo
2020-05-25 02:22:41.163,Detected text element: placerat,
2020-05-25 02:22:41.163,Detected text element: lacinia
2020-05-25 02:22:41.163,Detected text element: tellus
2020-05-25 02:22:41.163,Detected text element: in,
2020-05-25 02:22:41.163,Detected text element: mollis
2020-05-25 02:22:41.164,Detected text element: nibh.
2020-05-25 02:22:41.164,Detected text element: Sed
2020-05-25 02:22:41.164,Detected text element: faucibus
2020-05-25 02:22:41.164,Detected text element: velit
2020-05-25 02:22:41.164,Detected text element: tortor,
2020-05-25 02:22:41.164,Detected text element: vitae
2020-05-25 02:22:41.164,Detected text element: congue
2020-05-25 02:22:41.164,Detected text element: arcu
2020-05-25 02:22:41.164,Detected text element: sodales
2020-05-25 02:22:41.164,Detected text element: rutrum.
2020-05-25 02:22:41.165,Detected text element: Proin
2020-05-25 02:22:41.165,Detected text element: consequat
2020-05-25 02:22:41.165,Detected text element: suscipit
2020-05-25 02:22:41.165,Detected text element: sapien,
2020-05-25 02:22:41.165,Detected text element: eget
2020-05-25 02:22:41.165,Detected text element: venenatis
2020-05-25 02:22:41.165,Detected text element: purus
2020-05-25 02:22:41.165,End successful result processing
2020-05-25 02:22:41.279,FirebaseVisionTextRecognizer - processImage()
2020-05-25 02:22:43.498,Begin successful result processing
2020-05-25 02:22:43.498,Detected text element: Lorem
2020-05-25 02:22:43.498,Detected text element: ipsum
2020-05-25 02:22:43.498,Detected text element: dolor
2020-05-25 02:22:43.498,Detected text element: sit
2020-05-25 02:22:43.499,Detected text element: amet,
2020-05-25 02:22:43.499,Detected text element: consectetur
2020-05-25 02:22:43.499,Detected text element: adipiscing
2020-05-25 02:22:43.499,Detected text element: elit.
2020-05-25 02:22:43.499,Detected text element: Duis
2020-05-25 02:22:43.499,Detected text element: mollis
2020-05-25 02:22:43.499,Detected text element: interdum
2020-05-25 02:22:43.499,Detected text element: interdum.
2020-05-25 02:22:43.499,Detected text element: Aliquam
2020-05-25 02:22:43.499,Detected text element: laoreet
2020-05-25 02:22:43.499,Detected text element: non
2020-05-25 02:22:43.500,Detected text element: felis
2020-05-25 02:22:43.500,Detected text element: quis
2020-05-25 02:22:43.500,Detected text element: placerat.
2020-05-25 02:22:43.500,Detected text element: Pellentesque
2020-05-25 02:22:43.500,Detected text element: fermentum
2020-05-25 02:22:43.500,Detected text element: velit
2020-05-25 02:22:43.500,Detected text element: erat,
2020-05-25 02:22:43.500,Detected text element: et
2020-05-25 02:22:43.500,Detected text element: tincidunt
2020-05-25 02:22:43.500,Detected text element: dui
2020-05-25 02:22:43.500,Detected text element: scelerisque
2020-05-25 02:22:43.501,Detected text element: non.
2020-05-25 02:22:43.501,Detected text element: Proin
2020-05-25 02:22:43.501,Detected text element: sem
2020-05-25 02:22:43.501,Detected text element: nisl,
2020-05-25 02:22:43.501,Detected text element: sollicitudin
2020-05-25 02:22:43.501,Detected text element: lobortis
2020-05-25 02:22:43.501,Detected text element: gravida
2020-05-25 02:22:43.501,Detected text element: vel,
2020-05-25 02:22:43.501,Detected text element: malesuada
2020-05-25 02:22:43.501,Detected text element: at
2020-05-25 02:22:43.502,Detected text element: orci.
2020-05-25 02:22:43.502,Detected text element: Phasellus
2020-05-25 02:22:43.502,Detected text element: non
2020-05-25 02:22:43.502,Detected text element: justo
2020-05-25 02:22:43.502,Detected text element: placerat,
2020-05-25 02:22:43.502,Detected text element: lacinia
2020-05-25 02:22:43.502,Detected text element: tellus
2020-05-25 02:22:43.502,Detected text element: in,
2020-05-25 02:22:43.502,Detected text element: mollis
2020-05-25 02:22:43.502,Detected text element: nibh.
2020-05-25 02:22:43.503,Detected text element: Sed
2020-05-25 02:22:43.503,Detected text element: faucibus
2020-05-25 02:22:43.503,Detected text element: velit
2020-05-25 02:22:43.503,Detected text element: tortor,
2020-05-25 02:22:43.503,Detected text element: vitae
2020-05-25 02:22:43.503,Detected text element: congue
2020-05-25 02:22:43.503,Detected text element: arcu
2020-05-25 02:22:43.503,Detected text element: sodales
2020-05-25 02:22:43.503,Detected text element: rutrum.
2020-05-25 02:22:43.504,Detected text element: Proin
2020-05-25 02:22:43.504,Detected text element: consequat
2020-05-25 02:22:43.504,Detected text element: suscipit
2020-05-25 02:22:43.504,Detected text element: sapien,
2020-05-25 02:22:43.504,Detected text element: eget
2020-05-25 02:22:43.504,Detected text element: venenatis
2020-05-25 02:22:43.504,Detected text element: purus
2020-05-25 02:22:43.504,End successful result processing
2020-05-25 02:22:43.638,FirebaseVisionTextRecognizer - processImage()
